Copyright 1986-2020 Xilinx, Inc. All Rights Reserved.
-----------------------------------------------------------------------------------------------------------------------------------------------------------------------------------------------------------------------
| Tool Version : Vivado v.2020.1 (win64) Build 2902540 Wed May 27 19:54:49 MDT 2020
| Date         : Wed Aug 30 01:34:01 2023
| Host         : LAPTOP-G0T5FON4 running 64-bit major release  (build 9200)
| Command      : report_timing_summary -max_paths 10 -file design_1_wrapper_timing_summary_routed.rpt -pb design_1_wrapper_timing_summary_routed.pb -rpx design_1_wrapper_timing_summary_routed.rpx -warn_on_violation
| Design       : design_1_wrapper
| Device       : 7z010-clg400
| Speed File   : -1  PRODUCTION 1.12 2019-11-22
-----------------------------------------------------------------------------------------------------------------------------------------------------------------------------------------------------------------------

Timing Summary Report

------------------------------------------------------------------------------------------------
| Timer Settings
| --------------
------------------------------------------------------------------------------------------------

  Enable Multi Corner Analysis               :  Yes
  Enable Pessimism Removal                   :  Yes
  Pessimism Removal Resolution               :  Nearest Common Node
  Enable Input Delay Default Clock           :  No
  Enable Preset / Clear Arcs                 :  No
  Disable Flight Delays                      :  No
  Ignore I/O Paths                           :  No
  Timing Early Launch at Borrowing Latches   :  No
  Borrow Time for Max Delay Exceptions       :  Yes
  Merge Timing Exceptions                    :  Yes

  Corner  Analyze    Analyze    
  Name    Max Paths  Min Paths  
  ------  ---------  ---------  
  Slow    Yes        Yes        
  Fast    Yes        Yes        



check_timing report

Table of Contents
-----------------
1. checking no_clock (22)
2. checking constant_clock (0)
3. checking pulse_width_clock (0)
4. checking unconstrained_internal_endpoints (19)
5. checking no_input_delay (5)
6. checking no_output_delay (4)
7. checking multiple_clock (0)
8. checking generated_clocks (0)
9. checking loops (0)
10. checking partial_input_delay (0)
11. checking partial_output_delay (0)
12. checking latch_loops (0)

1. checking no_clock (22)
-------------------------
 There are 11 register/latch pins with no clock driven by root clock pin: design_1_i/Debouncing_Button_VH_0/U0/Debouncing_FF1/Q_reg/Q (HIGH)

 There are 11 register/latch pins with no clock driven by root clock pin: design_1_i/Debouncing_Button_VH_0/U0/Debouncing_FF2/Q_reg/Q (HIGH)


2. checking constant_clock (0)
------------------------------
 There are 0 register/latch pins with constant_clock.


3. checking pulse_width_clock (0)
---------------------------------
 There are 0 register/latch pins which need pulse_width check


4. checking unconstrained_internal_endpoints (19)
-------------------------------------------------
 There are 19 pins that are not constrained for maximum delay. (HIGH)

 There are 0 pins that are not constrained for maximum delay due to constant clock.


5. checking no_input_delay (5)
------------------------------
 There are 5 input ports with no input delay specified. (HIGH)

 There are 0 input ports with no input delay but user has a false path constraint.


6. checking no_output_delay (4)
-------------------------------
 There are 4 ports with no output delay specified. (HIGH)

 There are 0 ports with no output delay but user has a false path constraint

 There are 0 ports with no output delay but with a timing clock defined on it or propagating through it


7. checking multiple_clock (0)
------------------------------
 There are 0 register/latch pins with multiple clocks.


8. checking generated_clocks (0)
--------------------------------
 There are 0 generated clocks that are not connected to a clock source.


9. checking loops (0)
---------------------
 There are 0 combinational loops in the design.


10. checking partial_input_delay (0)
------------------------------------
 There are 0 input ports with partial input delay specified.


11. checking partial_output_delay (0)
-------------------------------------
 There are 0 ports with partial output delay specified.


12. checking latch_loops (0)
----------------------------
 There are 0 combinational latch loops in the design through latch input



------------------------------------------------------------------------------------------------
| Design Timing Summary
| ---------------------
------------------------------------------------------------------------------------------------

    WNS(ns)      TNS(ns)  TNS Failing Endpoints  TNS Total Endpoints      WHS(ns)      THS(ns)  THS Failing Endpoints  THS Total Endpoints     WPWS(ns)     TPWS(ns)  TPWS Failing Endpoints  TPWS Total Endpoints  
    -------      -------  ---------------------  -------------------      -------      -------  ---------------------  -------------------     --------     --------  ----------------------  --------------------  
      3.401        0.000                      0                  202        0.090        0.000                      0                  202        3.500        0.000                       0                   116  


All user specified timing constraints are met.


------------------------------------------------------------------------------------------------
| Clock Summary
| -------------
------------------------------------------------------------------------------------------------

Clock        Waveform(ns)         Period(ns)      Frequency(MHz)
-----        ------------         ----------      --------------
sys_clk_pin  {0.000 4.000}        8.000           125.000         


------------------------------------------------------------------------------------------------
| Intra Clock Table
| -----------------
------------------------------------------------------------------------------------------------

Clock             WNS(ns)      TNS(ns)  TNS Failing Endpoints  TNS Total Endpoints      WHS(ns)      THS(ns)  THS Failing Endpoints  THS Total Endpoints     WPWS(ns)     TPWS(ns)  TPWS Failing Endpoints  TPWS Total Endpoints  
-----             -------      -------  ---------------------  -------------------      -------      -------  ---------------------  -------------------     --------     --------  ----------------------  --------------------  
sys_clk_pin         3.401        0.000                      0                  202        0.090        0.000                      0                  202        3.500        0.000                       0                   116  


------------------------------------------------------------------------------------------------
| Inter Clock Table
| -----------------
------------------------------------------------------------------------------------------------

From Clock    To Clock          WNS(ns)      TNS(ns)  TNS Failing Endpoints  TNS Total Endpoints      WHS(ns)      THS(ns)  THS Failing Endpoints  THS Total Endpoints  
----------    --------          -------      -------  ---------------------  -------------------      -------      -------  ---------------------  -------------------  


------------------------------------------------------------------------------------------------
| Other Path Groups Table
| -----------------------
------------------------------------------------------------------------------------------------

Path Group    From Clock    To Clock          WNS(ns)      TNS(ns)  TNS Failing Endpoints  TNS Total Endpoints      WHS(ns)      THS(ns)  THS Failing Endpoints  THS Total Endpoints  
----------    ----------    --------          -------      -------  ---------------------  -------------------      -------      -------  ---------------------  -------------------  


------------------------------------------------------------------------------------------------
| Timing Details
| --------------
------------------------------------------------------------------------------------------------


---------------------------------------------------------------------------------------------------
From Clock:  sys_clk_pin
  To Clock:  sys_clk_pin

Setup :            0  Failing Endpoints,  Worst Slack        3.401ns,  Total Violation        0.000ns
Hold  :            0  Failing Endpoints,  Worst Slack        0.090ns,  Total Violation        0.000ns
PW    :            0  Failing Endpoints,  Worst Slack        3.500ns,  Total Violation        0.000ns
---------------------------------------------------------------------------------------------------


Max Delay Paths
--------------------------------------------------------------------------------------
Slack (MET) :             3.401ns  (required time - arrival time)
  Source:                 design_1_i/ALU_0/U0/b_r_reg[0]/C
                            (rising edge-triggered cell FDRE clocked by sys_clk_pin  {rise@0.000ns fall@4.000ns period=8.000ns})
  Destination:            design_1_i/ALU_0/U0/result_reg[3]/D
                            (rising edge-triggered cell FDRE clocked by sys_clk_pin  {rise@0.000ns fall@4.000ns period=8.000ns})
  Path Group:             sys_clk_pin
  Path Type:              Setup (Max at Slow Process Corner)
  Requirement:            8.000ns  (sys_clk_pin rise@8.000ns - sys_clk_pin rise@0.000ns)
  Data Path Delay:        4.400ns  (logic 1.674ns (38.045%)  route 2.726ns (61.955%))
  Logic Levels:           5  (CARRY4=1 LUT4=1 LUT5=1 LUT6=2)
  Clock Path Skew:        -0.194ns (DCD - SCD + CPR)
    Destination Clock Delay (DCD):    4.956ns = ( 12.956 - 8.000 ) 
    Source Clock Delay      (SCD):    5.427ns
    Clock Pessimism Removal (CPR):    0.277ns
  Clock Uncertainty:      0.035ns  ((TSJ^2 + TIJ^2)^1/2 + DJ) / 2 + PE
    Total System Jitter     (TSJ):    0.071ns
    Total Input Jitter      (TIJ):    0.000ns
    Discrete Jitter          (DJ):    0.000ns
    Phase Error              (PE):    0.000ns

    Location             Delay type                Incr(ns)  Path(ns)    Netlist Resource(s)
  -------------------------------------------------------------------    -------------------
                         (clock sys_clk_pin rise edge)
                                                      0.000     0.000 r  
    K17                                               0.000     0.000 r  clk (IN)
                         net (fo=0)                   0.000     0.000    clk
    K17                  IBUF (Prop_ibuf_I_O)         1.492     1.492 r  clk_IBUF_inst/O
                         net (fo=1, routed)           2.076     3.568    clk_IBUF
    BUFGCTRL_X0Y16       BUFG (Prop_bufg_I_O)         0.101     3.669 r  clk_IBUF_BUFG_inst/O
                         net (fo=115, routed)         1.758     5.427    design_1_i/ALU_0/U0/clk
    SLICE_X42Y49         FDRE                                         r  design_1_i/ALU_0/U0/b_r_reg[0]/C
  -------------------------------------------------------------------    -------------------
    SLICE_X42Y49         FDRE (Prop_fdre_C_Q)         0.518     5.945 r  design_1_i/ALU_0/U0/b_r_reg[0]/Q
                         net (fo=28, routed)          1.358     7.303    design_1_i/ALU_0/U0/b_r_reg_n_0_[0]
    SLICE_X42Y51         LUT4 (Prop_lut4_I0_O)        0.150     7.453 r  design_1_i/ALU_0/U0/result[3]_i_26/O
                         net (fo=1, routed)           0.661     8.114    design_1_i/ALU_0/U0/result[3]_i_26_n_0
    SLICE_X43Y51         LUT6 (Prop_lut6_I5_O)        0.328     8.442 r  design_1_i/ALU_0/U0/result[3]_i_15/O
                         net (fo=1, routed)           0.000     8.442    design_1_i/ALU_0/U0/result[3]_i_15_n_0
    SLICE_X43Y51         CARRY4 (Prop_carry4_S[3]_O[3])
                                                      0.248     8.690 r  design_1_i/ALU_0/U0/result_reg[3]_i_8/O[3]
                         net (fo=1, routed)           0.300     8.990    design_1_i/ALU_0/U0/result0[3]
    SLICE_X41Y50         LUT6 (Prop_lut6_I1_O)        0.306     9.296 r  design_1_i/ALU_0/U0/result[3]_i_4/O
                         net (fo=1, routed)           0.407     9.703    design_1_i/ALU_0/U0/result[3]_i_4_n_0
    SLICE_X41Y50         LUT5 (Prop_lut5_I2_O)        0.124     9.827 r  design_1_i/ALU_0/U0/result[3]_i_2/O
                         net (fo=1, routed)           0.000     9.827    design_1_i/ALU_0/U0/result[3]
    SLICE_X41Y50         FDRE                                         r  design_1_i/ALU_0/U0/result_reg[3]/D
  -------------------------------------------------------------------    -------------------

                         (clock sys_clk_pin rise edge)
                                                      8.000     8.000 r  
    K17                                               0.000     8.000 r  clk (IN)
                         net (fo=0)                   0.000     8.000    clk
    K17                  IBUF (Prop_ibuf_I_O)         1.421     9.421 r  clk_IBUF_inst/O
                         net (fo=1, routed)           1.880    11.301    clk_IBUF
    BUFGCTRL_X0Y16       BUFG (Prop_bufg_I_O)         0.091    11.392 r  clk_IBUF_BUFG_inst/O
                         net (fo=115, routed)         1.564    12.956    design_1_i/ALU_0/U0/clk
    SLICE_X41Y50         FDRE                                         r  design_1_i/ALU_0/U0/result_reg[3]/C
                         clock pessimism              0.277    13.232    
                         clock uncertainty           -0.035    13.197    
    SLICE_X41Y50         FDRE (Setup_fdre_C_D)        0.031    13.228    design_1_i/ALU_0/U0/result_reg[3]
  -------------------------------------------------------------------
                         required time                         13.228    
                         arrival time                          -9.827    
  -------------------------------------------------------------------
                         slack                                  3.401    

Slack (MET) :             3.404ns  (required time - arrival time)
  Source:                 design_1_i/control_unit_0/U0/pc_reg[1]/C
                            (rising edge-triggered cell FDRE clocked by sys_clk_pin  {rise@0.000ns fall@4.000ns period=8.000ns})
  Destination:            design_1_i/ALU_0/U0/result_reg[0]/D
                            (rising edge-triggered cell FDRE clocked by sys_clk_pin  {rise@0.000ns fall@4.000ns period=8.000ns})
  Path Group:             sys_clk_pin
  Path Type:              Setup (Max at Slow Process Corner)
  Requirement:            8.000ns  (sys_clk_pin rise@8.000ns - sys_clk_pin rise@0.000ns)
  Data Path Delay:        4.618ns  (logic 1.611ns (34.886%)  route 3.007ns (65.114%))
  Logic Levels:           4  (LUT2=2 LUT4=1 LUT5=1)
  Clock Path Skew:        -0.024ns (DCD - SCD + CPR)
    Destination Clock Delay (DCD):    4.956ns = ( 12.956 - 8.000 ) 
    Source Clock Delay      (SCD):    5.409ns
    Clock Pessimism Removal (CPR):    0.429ns
  Clock Uncertainty:      0.035ns  ((TSJ^2 + TIJ^2)^1/2 + DJ) / 2 + PE
    Total System Jitter     (TSJ):    0.071ns
    Total Input Jitter      (TIJ):    0.000ns
    Discrete Jitter          (DJ):    0.000ns
    Phase Error              (PE):    0.000ns

    Location             Delay type                Incr(ns)  Path(ns)    Netlist Resource(s)
  -------------------------------------------------------------------    -------------------
                         (clock sys_clk_pin rise edge)
                                                      0.000     0.000 r  
    K17                                               0.000     0.000 r  clk (IN)
                         net (fo=0)                   0.000     0.000    clk
    K17                  IBUF (Prop_ibuf_I_O)         1.492     1.492 r  clk_IBUF_inst/O
                         net (fo=1, routed)           2.076     3.568    clk_IBUF
    BUFGCTRL_X0Y16       BUFG (Prop_bufg_I_O)         0.101     3.669 r  clk_IBUF_BUFG_inst/O
                         net (fo=115, routed)         1.740     5.409    design_1_i/control_unit_0/U0/clk
    SLICE_X40Y53         FDRE                                         r  design_1_i/control_unit_0/U0/pc_reg[1]/C
  -------------------------------------------------------------------    -------------------
    SLICE_X40Y53         FDRE (Prop_fdre_C_Q)         0.456     5.865 r  design_1_i/control_unit_0/U0/pc_reg[1]/Q
                         net (fo=4, routed)           0.457     6.322    design_1_i/prog_mem_0/PC[1]
    SLICE_X41Y53         LUT2 (Prop_lut2_I0_O)        0.150     6.472 r  design_1_i/prog_mem_0/address[1]_INST_0/O
                         net (fo=1, routed)           0.458     6.930    design_1_i/instr_mem_0/address[1]
    SLICE_X41Y53         LUT2 (Prop_lut2_I1_O)        0.321     7.251 r  design_1_i/instr_mem_0/data_out[1]_INST_0/O
                         net (fo=17, routed)          1.227     8.478    design_1_i/ALU_0/U0/instr[1]
    SLICE_X43Y48         LUT4 (Prop_lut4_I0_O)        0.358     8.836 r  design_1_i/ALU_0/U0/result[0]_i_4/O
                         net (fo=1, routed)           0.865     9.701    design_1_i/ALU_0/U0/result[0]_i_4_n_0
    SLICE_X42Y51         LUT5 (Prop_lut5_I4_O)        0.326    10.027 r  design_1_i/ALU_0/U0/result[0]_i_1/O
                         net (fo=1, routed)           0.000    10.027    design_1_i/ALU_0/U0/result[0]
    SLICE_X42Y51         FDRE                                         r  design_1_i/ALU_0/U0/result_reg[0]/D
  -------------------------------------------------------------------    -------------------

                         (clock sys_clk_pin rise edge)
                                                      8.000     8.000 r  
    K17                                               0.000     8.000 r  clk (IN)
                         net (fo=0)                   0.000     8.000    clk
    K17                  IBUF (Prop_ibuf_I_O)         1.421     9.421 r  clk_IBUF_inst/O
                         net (fo=1, routed)           1.880    11.301    clk_IBUF
    BUFGCTRL_X0Y16       BUFG (Prop_bufg_I_O)         0.091    11.392 r  clk_IBUF_BUFG_inst/O
                         net (fo=115, routed)         1.564    12.956    design_1_i/ALU_0/U0/clk
    SLICE_X42Y51         FDRE                                         r  design_1_i/ALU_0/U0/result_reg[0]/C
                         clock pessimism              0.429    13.385    
                         clock uncertainty           -0.035    13.349    
    SLICE_X42Y51         FDRE (Setup_fdre_C_D)        0.081    13.430    design_1_i/ALU_0/U0/result_reg[0]
  -------------------------------------------------------------------
                         required time                         13.430    
                         arrival time                         -10.027    
  -------------------------------------------------------------------
                         slack                                  3.404    

Slack (MET) :             3.643ns  (required time - arrival time)
  Source:                 design_1_i/ALU_0/U0/b_r_reg[0]/C
                            (rising edge-triggered cell FDRE clocked by sys_clk_pin  {rise@0.000ns fall@4.000ns period=8.000ns})
  Destination:            design_1_i/ALU_0/U0/result_reg[2]/D
                            (rising edge-triggered cell FDRE clocked by sys_clk_pin  {rise@0.000ns fall@4.000ns period=8.000ns})
  Path Group:             sys_clk_pin
  Path Type:              Setup (Max at Slow Process Corner)
  Requirement:            8.000ns  (sys_clk_pin rise@8.000ns - sys_clk_pin rise@0.000ns)
  Data Path Delay:        4.205ns  (logic 1.648ns (39.194%)  route 2.557ns (60.806%))
  Logic Levels:           4  (CARRY4=1 LUT4=1 LUT5=1 LUT6=1)
  Clock Path Skew:        -0.194ns (DCD - SCD + CPR)
    Destination Clock Delay (DCD):    4.956ns = ( 12.956 - 8.000 ) 
    Source Clock Delay      (SCD):    5.427ns
    Clock Pessimism Removal (CPR):    0.277ns
  Clock Uncertainty:      0.035ns  ((TSJ^2 + TIJ^2)^1/2 + DJ) / 2 + PE
    Total System Jitter     (TSJ):    0.071ns
    Total Input Jitter      (TIJ):    0.000ns
    Discrete Jitter          (DJ):    0.000ns
    Phase Error              (PE):    0.000ns

    Location             Delay type                Incr(ns)  Path(ns)    Netlist Resource(s)
  -------------------------------------------------------------------    -------------------
                         (clock sys_clk_pin rise edge)
                                                      0.000     0.000 r  
    K17                                               0.000     0.000 r  clk (IN)
                         net (fo=0)                   0.000     0.000    clk
    K17                  IBUF (Prop_ibuf_I_O)         1.492     1.492 r  clk_IBUF_inst/O
                         net (fo=1, routed)           2.076     3.568    clk_IBUF
    BUFGCTRL_X0Y16       BUFG (Prop_bufg_I_O)         0.101     3.669 r  clk_IBUF_BUFG_inst/O
                         net (fo=115, routed)         1.758     5.427    design_1_i/ALU_0/U0/clk
    SLICE_X42Y49         FDRE                                         r  design_1_i/ALU_0/U0/b_r_reg[0]/C
  -------------------------------------------------------------------    -------------------
    SLICE_X42Y49         FDRE (Prop_fdre_C_Q)         0.518     5.945 r  design_1_i/ALU_0/U0/b_r_reg[0]/Q
                         net (fo=28, routed)          1.345     7.290    design_1_i/ALU_0/U0/b_r_reg_n_0_[0]
    SLICE_X43Y51         LUT4 (Prop_lut4_I0_O)        0.124     7.414 r  design_1_i/ALU_0/U0/result[3]_i_17/O
                         net (fo=1, routed)           0.000     7.414    design_1_i/ALU_0/U0/result[3]_i_17_n_0
    SLICE_X43Y51         CARRY4 (Prop_carry4_S[1]_O[2])
                                                      0.580     7.994 r  design_1_i/ALU_0/U0/result_reg[3]_i_8/O[2]
                         net (fo=1, routed)           0.565     8.559    design_1_i/ALU_0/U0/result0[2]
    SLICE_X42Y48         LUT6 (Prop_lut6_I1_O)        0.302     8.861 r  design_1_i/ALU_0/U0/result[2]_i_3/O
                         net (fo=1, routed)           0.647     9.507    design_1_i/ALU_0/U0/result[2]_i_3_n_0
    SLICE_X42Y52         LUT5 (Prop_lut5_I2_O)        0.124     9.631 r  design_1_i/ALU_0/U0/result[2]_i_1/O
                         net (fo=1, routed)           0.000     9.631    design_1_i/ALU_0/U0/result[2]
    SLICE_X42Y52         FDRE                                         r  design_1_i/ALU_0/U0/result_reg[2]/D
  -------------------------------------------------------------------    -------------------

                         (clock sys_clk_pin rise edge)
                                                      8.000     8.000 r  
    K17                                               0.000     8.000 r  clk (IN)
                         net (fo=0)                   0.000     8.000    clk
    K17                  IBUF (Prop_ibuf_I_O)         1.421     9.421 r  clk_IBUF_inst/O
                         net (fo=1, routed)           1.880    11.301    clk_IBUF
    BUFGCTRL_X0Y16       BUFG (Prop_bufg_I_O)         0.091    11.392 r  clk_IBUF_BUFG_inst/O
                         net (fo=115, routed)         1.564    12.956    design_1_i/ALU_0/U0/clk
    SLICE_X42Y52         FDRE                                         r  design_1_i/ALU_0/U0/result_reg[2]/C
                         clock pessimism              0.277    13.232    
                         clock uncertainty           -0.035    13.197    
    SLICE_X42Y52         FDRE (Setup_fdre_C_D)        0.077    13.274    design_1_i/ALU_0/U0/result_reg[2]
  -------------------------------------------------------------------
                         required time                         13.274    
                         arrival time                          -9.631    
  -------------------------------------------------------------------
                         slack                                  3.643    

Slack (MET) :             3.711ns  (required time - arrival time)
  Source:                 design_1_i/control_unit_0/U0/clk_counter_reg[7]/C
                            (rising edge-triggered cell FDRE clocked by sys_clk_pin  {rise@0.000ns fall@4.000ns period=8.000ns})
  Destination:            design_1_i/control_unit_0/U0/clk_counter_reg[0]/R
                            (rising edge-triggered cell FDRE clocked by sys_clk_pin  {rise@0.000ns fall@4.000ns period=8.000ns})
  Path Group:             sys_clk_pin
  Path Type:              Setup (Max at Slow Process Corner)
  Requirement:            8.000ns  (sys_clk_pin rise@8.000ns - sys_clk_pin rise@0.000ns)
  Data Path Delay:        3.483ns  (logic 1.539ns (44.188%)  route 1.944ns (55.812%))
  Logic Levels:           4  (CARRY4=3 LUT2=1)
  Clock Path Skew:        -0.160ns (DCD - SCD + CPR)
    Destination Clock Delay (DCD):    4.971ns = ( 12.972 - 8.000 ) 
    Source Clock Delay      (SCD):    5.408ns
    Clock Pessimism Removal (CPR):    0.277ns
  Clock Uncertainty:      0.035ns  ((TSJ^2 + TIJ^2)^1/2 + DJ) / 2 + PE
    Total System Jitter     (TSJ):    0.071ns
    Total Input Jitter      (TIJ):    0.000ns
    Discrete Jitter          (DJ):    0.000ns
    Phase Error              (PE):    0.000ns

    Location             Delay type                Incr(ns)  Path(ns)    Netlist Resource(s)
  -------------------------------------------------------------------    -------------------
                         (clock sys_clk_pin rise edge)
                                                      0.000     0.000 r  
    K17                                               0.000     0.000 r  clk (IN)
                         net (fo=0)                   0.000     0.000    clk
    K17                  IBUF (Prop_ibuf_I_O)         1.492     1.492 r  clk_IBUF_inst/O
                         net (fo=1, routed)           2.076     3.568    clk_IBUF
    BUFGCTRL_X0Y16       BUFG (Prop_bufg_I_O)         0.101     3.669 r  clk_IBUF_BUFG_inst/O
                         net (fo=115, routed)         1.739     5.408    design_1_i/control_unit_0/U0/clk
    SLICE_X36Y50         FDRE                                         r  design_1_i/control_unit_0/U0/clk_counter_reg[7]/C
  -------------------------------------------------------------------    -------------------
    SLICE_X36Y50         FDRE (Prop_fdre_C_Q)         0.456     5.864 f  design_1_i/control_unit_0/U0/clk_counter_reg[7]/Q
                         net (fo=3, routed)           0.823     6.687    design_1_i/control_unit_0/U0/clk_counter_reg[7]
    SLICE_X37Y52         LUT2 (Prop_lut2_I1_O)        0.124     6.811 r  design_1_i/control_unit_0/U0/clk_counter1_carry_i_8/O
                         net (fo=1, routed)           0.000     6.811    design_1_i/control_unit_0/U0/clk_counter1_carry_i_8_n_0
    SLICE_X37Y52         CARRY4 (Prop_carry4_S[0]_CO[3])
                                                      0.532     7.343 r  design_1_i/control_unit_0/U0/clk_counter1_carry/CO[3]
                         net (fo=1, routed)           0.000     7.343    design_1_i/control_unit_0/U0/clk_counter1_carry_n_0
    SLICE_X37Y53         CARRY4 (Prop_carry4_CI_CO[3])
                                                      0.114     7.457 r  design_1_i/control_unit_0/U0/clk_counter1_carry__0/CO[3]
                         net (fo=1, routed)           0.000     7.457    design_1_i/control_unit_0/U0/clk_counter1_carry__0_n_0
    SLICE_X37Y54         CARRY4 (Prop_carry4_CI_O[3])
                                                      0.313     7.770 r  design_1_i/control_unit_0/U0/clk_counter1_carry__1/O[3]
                         net (fo=29, routed)          1.120     8.891    design_1_i/control_unit_0/U0/clk_counter1_carry__1_n_4
    SLICE_X36Y49         FDRE                                         r  design_1_i/control_unit_0/U0/clk_counter_reg[0]/R
  -------------------------------------------------------------------    -------------------

                         (clock sys_clk_pin rise edge)
                                                      8.000     8.000 r  
    K17                                               0.000     8.000 r  clk (IN)
                         net (fo=0)                   0.000     8.000    clk
    K17                  IBUF (Prop_ibuf_I_O)         1.421     9.421 r  clk_IBUF_inst/O
                         net (fo=1, routed)           1.880    11.301    clk_IBUF
    BUFGCTRL_X0Y16       BUFG (Prop_bufg_I_O)         0.091    11.392 r  clk_IBUF_BUFG_inst/O
                         net (fo=115, routed)         1.579    12.971    design_1_i/control_unit_0/U0/clk
    SLICE_X36Y49         FDRE                                         r  design_1_i/control_unit_0/U0/clk_counter_reg[0]/C
                         clock pessimism              0.277    13.248    
                         clock uncertainty           -0.035    13.213    
    SLICE_X36Y49         FDRE (Setup_fdre_C_R)       -0.611    12.602    design_1_i/control_unit_0/U0/clk_counter_reg[0]
  -------------------------------------------------------------------
                         required time                         12.602    
                         arrival time                          -8.891    
  -------------------------------------------------------------------
                         slack                                  3.711    

Slack (MET) :             3.711ns  (required time - arrival time)
  Source:                 design_1_i/control_unit_0/U0/clk_counter_reg[7]/C
                            (rising edge-triggered cell FDRE clocked by sys_clk_pin  {rise@0.000ns fall@4.000ns period=8.000ns})
  Destination:            design_1_i/control_unit_0/U0/clk_counter_reg[1]/R
                            (rising edge-triggered cell FDRE clocked by sys_clk_pin  {rise@0.000ns fall@4.000ns period=8.000ns})
  Path Group:             sys_clk_pin
  Path Type:              Setup (Max at Slow Process Corner)
  Requirement:            8.000ns  (sys_clk_pin rise@8.000ns - sys_clk_pin rise@0.000ns)
  Data Path Delay:        3.483ns  (logic 1.539ns (44.188%)  route 1.944ns (55.812%))
  Logic Levels:           4  (CARRY4=3 LUT2=1)
  Clock Path Skew:        -0.160ns (DCD - SCD + CPR)
    Destination Clock Delay (DCD):    4.971ns = ( 12.972 - 8.000 ) 
    Source Clock Delay      (SCD):    5.408ns
    Clock Pessimism Removal (CPR):    0.277ns
  Clock Uncertainty:      0.035ns  ((TSJ^2 + TIJ^2)^1/2 + DJ) / 2 + PE
    Total System Jitter     (TSJ):    0.071ns
    Total Input Jitter      (TIJ):    0.000ns
    Discrete Jitter          (DJ):    0.000ns
    Phase Error              (PE):    0.000ns

    Location             Delay type                Incr(ns)  Path(ns)    Netlist Resource(s)
  -------------------------------------------------------------------    -------------------
                         (clock sys_clk_pin rise edge)
                                                      0.000     0.000 r  
    K17                                               0.000     0.000 r  clk (IN)
                         net (fo=0)                   0.000     0.000    clk
    K17                  IBUF (Prop_ibuf_I_O)         1.492     1.492 r  clk_IBUF_inst/O
                         net (fo=1, routed)           2.076     3.568    clk_IBUF
    BUFGCTRL_X0Y16       BUFG (Prop_bufg_I_O)         0.101     3.669 r  clk_IBUF_BUFG_inst/O
                         net (fo=115, routed)         1.739     5.408    design_1_i/control_unit_0/U0/clk
    SLICE_X36Y50         FDRE                                         r  design_1_i/control_unit_0/U0/clk_counter_reg[7]/C
  -------------------------------------------------------------------    -------------------
    SLICE_X36Y50         FDRE (Prop_fdre_C_Q)         0.456     5.864 f  design_1_i/control_unit_0/U0/clk_counter_reg[7]/Q
                         net (fo=3, routed)           0.823     6.687    design_1_i/control_unit_0/U0/clk_counter_reg[7]
    SLICE_X37Y52         LUT2 (Prop_lut2_I1_O)        0.124     6.811 r  design_1_i/control_unit_0/U0/clk_counter1_carry_i_8/O
                         net (fo=1, routed)           0.000     6.811    design_1_i/control_unit_0/U0/clk_counter1_carry_i_8_n_0
    SLICE_X37Y52         CARRY4 (Prop_carry4_S[0]_CO[3])
                                                      0.532     7.343 r  design_1_i/control_unit_0/U0/clk_counter1_carry/CO[3]
                         net (fo=1, routed)           0.000     7.343    design_1_i/control_unit_0/U0/clk_counter1_carry_n_0
    SLICE_X37Y53         CARRY4 (Prop_carry4_CI_CO[3])
                                                      0.114     7.457 r  design_1_i/control_unit_0/U0/clk_counter1_carry__0/CO[3]
                         net (fo=1, routed)           0.000     7.457    design_1_i/control_unit_0/U0/clk_counter1_carry__0_n_0
    SLICE_X37Y54         CARRY4 (Prop_carry4_CI_O[3])
                                                      0.313     7.770 r  design_1_i/control_unit_0/U0/clk_counter1_carry__1/O[3]
                         net (fo=29, routed)          1.120     8.891    design_1_i/control_unit_0/U0/clk_counter1_carry__1_n_4
    SLICE_X36Y49         FDRE                                         r  design_1_i/control_unit_0/U0/clk_counter_reg[1]/R
  -------------------------------------------------------------------    -------------------

                         (clock sys_clk_pin rise edge)
                                                      8.000     8.000 r  
    K17                                               0.000     8.000 r  clk (IN)
                         net (fo=0)                   0.000     8.000    clk
    K17                  IBUF (Prop_ibuf_I_O)         1.421     9.421 r  clk_IBUF_inst/O
                         net (fo=1, routed)           1.880    11.301    clk_IBUF
    BUFGCTRL_X0Y16       BUFG (Prop_bufg_I_O)         0.091    11.392 r  clk_IBUF_BUFG_inst/O
                         net (fo=115, routed)         1.579    12.971    design_1_i/control_unit_0/U0/clk
    SLICE_X36Y49         FDRE                                         r  design_1_i/control_unit_0/U0/clk_counter_reg[1]/C
                         clock pessimism              0.277    13.248    
                         clock uncertainty           -0.035    13.213    
    SLICE_X36Y49         FDRE (Setup_fdre_C_R)       -0.611    12.602    design_1_i/control_unit_0/U0/clk_counter_reg[1]
  -------------------------------------------------------------------
                         required time                         12.602    
                         arrival time                          -8.891    
  -------------------------------------------------------------------
                         slack                                  3.711    

Slack (MET) :             3.711ns  (required time - arrival time)
  Source:                 design_1_i/control_unit_0/U0/clk_counter_reg[7]/C
                            (rising edge-triggered cell FDRE clocked by sys_clk_pin  {rise@0.000ns fall@4.000ns period=8.000ns})
  Destination:            design_1_i/control_unit_0/U0/clk_counter_reg[2]/R
                            (rising edge-triggered cell FDRE clocked by sys_clk_pin  {rise@0.000ns fall@4.000ns period=8.000ns})
  Path Group:             sys_clk_pin
  Path Type:              Setup (Max at Slow Process Corner)
  Requirement:            8.000ns  (sys_clk_pin rise@8.000ns - sys_clk_pin rise@0.000ns)
  Data Path Delay:        3.483ns  (logic 1.539ns (44.188%)  route 1.944ns (55.812%))
  Logic Levels:           4  (CARRY4=3 LUT2=1)
  Clock Path Skew:        -0.160ns (DCD - SCD + CPR)
    Destination Clock Delay (DCD):    4.971ns = ( 12.972 - 8.000 ) 
    Source Clock Delay      (SCD):    5.408ns
    Clock Pessimism Removal (CPR):    0.277ns
  Clock Uncertainty:      0.035ns  ((TSJ^2 + TIJ^2)^1/2 + DJ) / 2 + PE
    Total System Jitter     (TSJ):    0.071ns
    Total Input Jitter      (TIJ):    0.000ns
    Discrete Jitter          (DJ):    0.000ns
    Phase Error              (PE):    0.000ns

    Location             Delay type                Incr(ns)  Path(ns)    Netlist Resource(s)
  -------------------------------------------------------------------    -------------------
                         (clock sys_clk_pin rise edge)
                                                      0.000     0.000 r  
    K17                                               0.000     0.000 r  clk (IN)
                         net (fo=0)                   0.000     0.000    clk
    K17                  IBUF (Prop_ibuf_I_O)         1.492     1.492 r  clk_IBUF_inst/O
                         net (fo=1, routed)           2.076     3.568    clk_IBUF
    BUFGCTRL_X0Y16       BUFG (Prop_bufg_I_O)         0.101     3.669 r  clk_IBUF_BUFG_inst/O
                         net (fo=115, routed)         1.739     5.408    design_1_i/control_unit_0/U0/clk
    SLICE_X36Y50         FDRE                                         r  design_1_i/control_unit_0/U0/clk_counter_reg[7]/C
  -------------------------------------------------------------------    -------------------
    SLICE_X36Y50         FDRE (Prop_fdre_C_Q)         0.456     5.864 f  design_1_i/control_unit_0/U0/clk_counter_reg[7]/Q
                         net (fo=3, routed)           0.823     6.687    design_1_i/control_unit_0/U0/clk_counter_reg[7]
    SLICE_X37Y52         LUT2 (Prop_lut2_I1_O)        0.124     6.811 r  design_1_i/control_unit_0/U0/clk_counter1_carry_i_8/O
                         net (fo=1, routed)           0.000     6.811    design_1_i/control_unit_0/U0/clk_counter1_carry_i_8_n_0
    SLICE_X37Y52         CARRY4 (Prop_carry4_S[0]_CO[3])
                                                      0.532     7.343 r  design_1_i/control_unit_0/U0/clk_counter1_carry/CO[3]
                         net (fo=1, routed)           0.000     7.343    design_1_i/control_unit_0/U0/clk_counter1_carry_n_0
    SLICE_X37Y53         CARRY4 (Prop_carry4_CI_CO[3])
                                                      0.114     7.457 r  design_1_i/control_unit_0/U0/clk_counter1_carry__0/CO[3]
                         net (fo=1, routed)           0.000     7.457    design_1_i/control_unit_0/U0/clk_counter1_carry__0_n_0
    SLICE_X37Y54         CARRY4 (Prop_carry4_CI_O[3])
                                                      0.313     7.770 r  design_1_i/control_unit_0/U0/clk_counter1_carry__1/O[3]
                         net (fo=29, routed)          1.120     8.891    design_1_i/control_unit_0/U0/clk_counter1_carry__1_n_4
    SLICE_X36Y49         FDRE                                         r  design_1_i/control_unit_0/U0/clk_counter_reg[2]/R
  -------------------------------------------------------------------    -------------------

                         (clock sys_clk_pin rise edge)
                                                      8.000     8.000 r  
    K17                                               0.000     8.000 r  clk (IN)
                         net (fo=0)                   0.000     8.000    clk
    K17                  IBUF (Prop_ibuf_I_O)         1.421     9.421 r  clk_IBUF_inst/O
                         net (fo=1, routed)           1.880    11.301    clk_IBUF
    BUFGCTRL_X0Y16       BUFG (Prop_bufg_I_O)         0.091    11.392 r  clk_IBUF_BUFG_inst/O
                         net (fo=115, routed)         1.579    12.971    design_1_i/control_unit_0/U0/clk
    SLICE_X36Y49         FDRE                                         r  design_1_i/control_unit_0/U0/clk_counter_reg[2]/C
                         clock pessimism              0.277    13.248    
                         clock uncertainty           -0.035    13.213    
    SLICE_X36Y49         FDRE (Setup_fdre_C_R)       -0.611    12.602    design_1_i/control_unit_0/U0/clk_counter_reg[2]
  -------------------------------------------------------------------
                         required time                         12.602    
                         arrival time                          -8.891    
  -------------------------------------------------------------------
                         slack                                  3.711    

Slack (MET) :             3.711ns  (required time - arrival time)
  Source:                 design_1_i/control_unit_0/U0/clk_counter_reg[7]/C
                            (rising edge-triggered cell FDRE clocked by sys_clk_pin  {rise@0.000ns fall@4.000ns period=8.000ns})
  Destination:            design_1_i/control_unit_0/U0/clk_counter_reg[3]/R
                            (rising edge-triggered cell FDRE clocked by sys_clk_pin  {rise@0.000ns fall@4.000ns period=8.000ns})
  Path Group:             sys_clk_pin
  Path Type:              Setup (Max at Slow Process Corner)
  Requirement:            8.000ns  (sys_clk_pin rise@8.000ns - sys_clk_pin rise@0.000ns)
  Data Path Delay:        3.483ns  (logic 1.539ns (44.188%)  route 1.944ns (55.812%))
  Logic Levels:           4  (CARRY4=3 LUT2=1)
  Clock Path Skew:        -0.160ns (DCD - SCD + CPR)
    Destination Clock Delay (DCD):    4.971ns = ( 12.972 - 8.000 ) 
    Source Clock Delay      (SCD):    5.408ns
    Clock Pessimism Removal (CPR):    0.277ns
  Clock Uncertainty:      0.035ns  ((TSJ^2 + TIJ^2)^1/2 + DJ) / 2 + PE
    Total System Jitter     (TSJ):    0.071ns
    Total Input Jitter      (TIJ):    0.000ns
    Discrete Jitter          (DJ):    0.000ns
    Phase Error              (PE):    0.000ns

    Location             Delay type                Incr(ns)  Path(ns)    Netlist Resource(s)
  -------------------------------------------------------------------    -------------------
                         (clock sys_clk_pin rise edge)
                                                      0.000     0.000 r  
    K17                                               0.000     0.000 r  clk (IN)
                         net (fo=0)                   0.000     0.000    clk
    K17                  IBUF (Prop_ibuf_I_O)         1.492     1.492 r  clk_IBUF_inst/O
                         net (fo=1, routed)           2.076     3.568    clk_IBUF
    BUFGCTRL_X0Y16       BUFG (Prop_bufg_I_O)         0.101     3.669 r  clk_IBUF_BUFG_inst/O
                         net (fo=115, routed)         1.739     5.408    design_1_i/control_unit_0/U0/clk
    SLICE_X36Y50         FDRE                                         r  design_1_i/control_unit_0/U0/clk_counter_reg[7]/C
  -------------------------------------------------------------------    -------------------
    SLICE_X36Y50         FDRE (Prop_fdre_C_Q)         0.456     5.864 f  design_1_i/control_unit_0/U0/clk_counter_reg[7]/Q
                         net (fo=3, routed)           0.823     6.687    design_1_i/control_unit_0/U0/clk_counter_reg[7]
    SLICE_X37Y52         LUT2 (Prop_lut2_I1_O)        0.124     6.811 r  design_1_i/control_unit_0/U0/clk_counter1_carry_i_8/O
                         net (fo=1, routed)           0.000     6.811    design_1_i/control_unit_0/U0/clk_counter1_carry_i_8_n_0
    SLICE_X37Y52         CARRY4 (Prop_carry4_S[0]_CO[3])
                                                      0.532     7.343 r  design_1_i/control_unit_0/U0/clk_counter1_carry/CO[3]
                         net (fo=1, routed)           0.000     7.343    design_1_i/control_unit_0/U0/clk_counter1_carry_n_0
    SLICE_X37Y53         CARRY4 (Prop_carry4_CI_CO[3])
                                                      0.114     7.457 r  design_1_i/control_unit_0/U0/clk_counter1_carry__0/CO[3]
                         net (fo=1, routed)           0.000     7.457    design_1_i/control_unit_0/U0/clk_counter1_carry__0_n_0
    SLICE_X37Y54         CARRY4 (Prop_carry4_CI_O[3])
                                                      0.313     7.770 r  design_1_i/control_unit_0/U0/clk_counter1_carry__1/O[3]
                         net (fo=29, routed)          1.120     8.891    design_1_i/control_unit_0/U0/clk_counter1_carry__1_n_4
    SLICE_X36Y49         FDRE                                         r  design_1_i/control_unit_0/U0/clk_counter_reg[3]/R
  -------------------------------------------------------------------    -------------------

                         (clock sys_clk_pin rise edge)
                                                      8.000     8.000 r  
    K17                                               0.000     8.000 r  clk (IN)
                         net (fo=0)                   0.000     8.000    clk
    K17                  IBUF (Prop_ibuf_I_O)         1.421     9.421 r  clk_IBUF_inst/O
                         net (fo=1, routed)           1.880    11.301    clk_IBUF
    BUFGCTRL_X0Y16       BUFG (Prop_bufg_I_O)         0.091    11.392 r  clk_IBUF_BUFG_inst/O
                         net (fo=115, routed)         1.579    12.971    design_1_i/control_unit_0/U0/clk
    SLICE_X36Y49         FDRE                                         r  design_1_i/control_unit_0/U0/clk_counter_reg[3]/C
                         clock pessimism              0.277    13.248    
                         clock uncertainty           -0.035    13.213    
    SLICE_X36Y49         FDRE (Setup_fdre_C_R)       -0.611    12.602    design_1_i/control_unit_0/U0/clk_counter_reg[3]
  -------------------------------------------------------------------
                         required time                         12.602    
                         arrival time                          -8.891    
  -------------------------------------------------------------------
                         slack                                  3.711    

Slack (MET) :             3.777ns  (required time - arrival time)
  Source:                 design_1_i/Debouncing_Button_VH_0/U0/clock_enable_generator/counter_reg[15]/C
                            (rising edge-triggered cell FDRE clocked by sys_clk_pin  {rise@0.000ns fall@4.000ns period=8.000ns})
  Destination:            design_1_i/Debouncing_Button_VH_0/U0/clock_enable_generator/counter_reg[20]/R
                            (rising edge-triggered cell FDRE clocked by sys_clk_pin  {rise@0.000ns fall@4.000ns period=8.000ns})
  Path Group:             sys_clk_pin
  Path Type:              Setup (Max at Slow Process Corner)
  Requirement:            8.000ns  (sys_clk_pin rise@8.000ns - sys_clk_pin rise@0.000ns)
  Data Path Delay:        3.470ns  (logic 0.766ns (22.076%)  route 2.704ns (77.924%))
  Logic Levels:           2  (LUT4=1 LUT6=1)
  Clock Path Skew:        -0.193ns (DCD - SCD + CPR)
    Destination Clock Delay (DCD):    4.955ns = ( 12.955 - 8.000 ) 
    Source Clock Delay      (SCD):    5.425ns
    Clock Pessimism Removal (CPR):    0.277ns
  Clock Uncertainty:      0.035ns  ((TSJ^2 + TIJ^2)^1/2 + DJ) / 2 + PE
    Total System Jitter     (TSJ):    0.071ns
    Total Input Jitter      (TIJ):    0.000ns
    Discrete Jitter          (DJ):    0.000ns
    Phase Error              (PE):    0.000ns

    Location             Delay type                Incr(ns)  Path(ns)    Netlist Resource(s)
  -------------------------------------------------------------------    -------------------
                         (clock sys_clk_pin rise edge)
                                                      0.000     0.000 r  
    K17                                               0.000     0.000 r  clk (IN)
                         net (fo=0)                   0.000     0.000    clk
    K17                  IBUF (Prop_ibuf_I_O)         1.492     1.492 r  clk_IBUF_inst/O
                         net (fo=1, routed)           2.076     3.568    clk_IBUF
    BUFGCTRL_X0Y16       BUFG (Prop_bufg_I_O)         0.101     3.669 r  clk_IBUF_BUFG_inst/O
                         net (fo=115, routed)         1.756     5.425    design_1_i/Debouncing_Button_VH_0/U0/clock_enable_generator/clk
    SLICE_X38Y48         FDRE                                         r  design_1_i/Debouncing_Button_VH_0/U0/clock_enable_generator/counter_reg[15]/C
  -------------------------------------------------------------------    -------------------
    SLICE_X38Y48         FDRE (Prop_fdre_C_Q)         0.518     5.943 r  design_1_i/Debouncing_Button_VH_0/U0/clock_enable_generator/counter_reg[15]/Q
                         net (fo=2, routed)           1.088     7.031    design_1_i/Debouncing_Button_VH_0/U0/clock_enable_generator/counter_reg[15]
    SLICE_X39Y48         LUT4 (Prop_lut4_I0_O)        0.124     7.155 r  design_1_i/Debouncing_Button_VH_0/U0/clock_enable_generator/counter[0]_i_4/O
                         net (fo=2, routed)           0.797     7.952    design_1_i/Debouncing_Button_VH_0/U0/clock_enable_generator/counter[0]_i_4_n_0
    SLICE_X37Y48         LUT6 (Prop_lut6_I3_O)        0.124     8.076 r  design_1_i/Debouncing_Button_VH_0/U0/clock_enable_generator/counter[0]_i_1/O
                         net (fo=28, routed)          0.818     8.895    design_1_i/Debouncing_Button_VH_0/U0/clock_enable_generator/clear
    SLICE_X38Y50         FDRE                                         r  design_1_i/Debouncing_Button_VH_0/U0/clock_enable_generator/counter_reg[20]/R
  -------------------------------------------------------------------    -------------------

                         (clock sys_clk_pin rise edge)
                                                      8.000     8.000 r  
    K17                                               0.000     8.000 r  clk (IN)
                         net (fo=0)                   0.000     8.000    clk
    K17                  IBUF (Prop_ibuf_I_O)         1.421     9.421 r  clk_IBUF_inst/O
                         net (fo=1, routed)           1.880    11.301    clk_IBUF
    BUFGCTRL_X0Y16       BUFG (Prop_bufg_I_O)         0.091    11.392 r  clk_IBUF_BUFG_inst/O
                         net (fo=115, routed)         1.563    12.955    design_1_i/Debouncing_Button_VH_0/U0/clock_enable_generator/clk
    SLICE_X38Y50         FDRE                                         r  design_1_i/Debouncing_Button_VH_0/U0/clock_enable_generator/counter_reg[20]/C
                         clock pessimism              0.277    13.231    
                         clock uncertainty           -0.035    13.196    
    SLICE_X38Y50         FDRE (Setup_fdre_C_R)       -0.524    12.672    design_1_i/Debouncing_Button_VH_0/U0/clock_enable_generator/counter_reg[20]
  -------------------------------------------------------------------
                         required time                         12.672    
                         arrival time                          -8.895    
  -------------------------------------------------------------------
                         slack                                  3.777    

Slack (MET) :             3.777ns  (required time - arrival time)
  Source:                 design_1_i/Debouncing_Button_VH_0/U0/clock_enable_generator/counter_reg[15]/C
                            (rising edge-triggered cell FDRE clocked by sys_clk_pin  {rise@0.000ns fall@4.000ns period=8.000ns})
  Destination:            design_1_i/Debouncing_Button_VH_0/U0/clock_enable_generator/counter_reg[21]/R
                            (rising edge-triggered cell FDRE clocked by sys_clk_pin  {rise@0.000ns fall@4.000ns period=8.000ns})
  Path Group:             sys_clk_pin
  Path Type:              Setup (Max at Slow Process Corner)
  Requirement:            8.000ns  (sys_clk_pin rise@8.000ns - sys_clk_pin rise@0.000ns)
  Data Path Delay:        3.470ns  (logic 0.766ns (22.076%)  route 2.704ns (77.924%))
  Logic Levels:           2  (LUT4=1 LUT6=1)
  Clock Path Skew:        -0.193ns (DCD - SCD + CPR)
    Destination Clock Delay (DCD):    4.955ns = ( 12.955 - 8.000 ) 
    Source Clock Delay      (SCD):    5.425ns
    Clock Pessimism Removal (CPR):    0.277ns
  Clock Uncertainty:      0.035ns  ((TSJ^2 + TIJ^2)^1/2 + DJ) / 2 + PE
    Total System Jitter     (TSJ):    0.071ns
    Total Input Jitter      (TIJ):    0.000ns
    Discrete Jitter          (DJ):    0.000ns
    Phase Error              (PE):    0.000ns

    Location             Delay type                Incr(ns)  Path(ns)    Netlist Resource(s)
  -------------------------------------------------------------------    -------------------
                         (clock sys_clk_pin rise edge)
                                                      0.000     0.000 r  
    K17                                               0.000     0.000 r  clk (IN)
                         net (fo=0)                   0.000     0.000    clk
    K17                  IBUF (Prop_ibuf_I_O)         1.492     1.492 r  clk_IBUF_inst/O
                         net (fo=1, routed)           2.076     3.568    clk_IBUF
    BUFGCTRL_X0Y16       BUFG (Prop_bufg_I_O)         0.101     3.669 r  clk_IBUF_BUFG_inst/O
                         net (fo=115, routed)         1.756     5.425    design_1_i/Debouncing_Button_VH_0/U0/clock_enable_generator/clk
    SLICE_X38Y48         FDRE                                         r  design_1_i/Debouncing_Button_VH_0/U0/clock_enable_generator/counter_reg[15]/C
  -------------------------------------------------------------------    -------------------
    SLICE_X38Y48         FDRE (Prop_fdre_C_Q)         0.518     5.943 r  design_1_i/Debouncing_Button_VH_0/U0/clock_enable_generator/counter_reg[15]/Q
                         net (fo=2, routed)           1.088     7.031    design_1_i/Debouncing_Button_VH_0/U0/clock_enable_generator/counter_reg[15]
    SLICE_X39Y48         LUT4 (Prop_lut4_I0_O)        0.124     7.155 r  design_1_i/Debouncing_Button_VH_0/U0/clock_enable_generator/counter[0]_i_4/O
                         net (fo=2, routed)           0.797     7.952    design_1_i/Debouncing_Button_VH_0/U0/clock_enable_generator/counter[0]_i_4_n_0
    SLICE_X37Y48         LUT6 (Prop_lut6_I3_O)        0.124     8.076 r  design_1_i/Debouncing_Button_VH_0/U0/clock_enable_generator/counter[0]_i_1/O
                         net (fo=28, routed)          0.818     8.895    design_1_i/Debouncing_Button_VH_0/U0/clock_enable_generator/clear
    SLICE_X38Y50         FDRE                                         r  design_1_i/Debouncing_Button_VH_0/U0/clock_enable_generator/counter_reg[21]/R
  -------------------------------------------------------------------    -------------------

                         (clock sys_clk_pin rise edge)
                                                      8.000     8.000 r  
    K17                                               0.000     8.000 r  clk (IN)
                         net (fo=0)                   0.000     8.000    clk
    K17                  IBUF (Prop_ibuf_I_O)         1.421     9.421 r  clk_IBUF_inst/O
                         net (fo=1, routed)           1.880    11.301    clk_IBUF
    BUFGCTRL_X0Y16       BUFG (Prop_bufg_I_O)         0.091    11.392 r  clk_IBUF_BUFG_inst/O
                         net (fo=115, routed)         1.563    12.955    design_1_i/Debouncing_Button_VH_0/U0/clock_enable_generator/clk
    SLICE_X38Y50         FDRE                                         r  design_1_i/Debouncing_Button_VH_0/U0/clock_enable_generator/counter_reg[21]/C
                         clock pessimism              0.277    13.231    
                         clock uncertainty           -0.035    13.196    
    SLICE_X38Y50         FDRE (Setup_fdre_C_R)       -0.524    12.672    design_1_i/Debouncing_Button_VH_0/U0/clock_enable_generator/counter_reg[21]
  -------------------------------------------------------------------
                         required time                         12.672    
                         arrival time                          -8.895    
  -------------------------------------------------------------------
                         slack                                  3.777    

Slack (MET) :             3.777ns  (required time - arrival time)
  Source:                 design_1_i/Debouncing_Button_VH_0/U0/clock_enable_generator/counter_reg[15]/C
                            (rising edge-triggered cell FDRE clocked by sys_clk_pin  {rise@0.000ns fall@4.000ns period=8.000ns})
  Destination:            design_1_i/Debouncing_Button_VH_0/U0/clock_enable_generator/counter_reg[22]/R
                            (rising edge-triggered cell FDRE clocked by sys_clk_pin  {rise@0.000ns fall@4.000ns period=8.000ns})
  Path Group:             sys_clk_pin
  Path Type:              Setup (Max at Slow Process Corner)
  Requirement:            8.000ns  (sys_clk_pin rise@8.000ns - sys_clk_pin rise@0.000ns)
  Data Path Delay:        3.470ns  (logic 0.766ns (22.076%)  route 2.704ns (77.924%))
  Logic Levels:           2  (LUT4=1 LUT6=1)
  Clock Path Skew:        -0.193ns (DCD - SCD + CPR)
    Destination Clock Delay (DCD):    4.955ns = ( 12.955 - 8.000 ) 
    Source Clock Delay      (SCD):    5.425ns
    Clock Pessimism Removal (CPR):    0.277ns
  Clock Uncertainty:      0.035ns  ((TSJ^2 + TIJ^2)^1/2 + DJ) / 2 + PE
    Total System Jitter     (TSJ):    0.071ns
    Total Input Jitter      (TIJ):    0.000ns
    Discrete Jitter          (DJ):    0.000ns
    Phase Error              (PE):    0.000ns

    Location             Delay type                Incr(ns)  Path(ns)    Netlist Resource(s)
  -------------------------------------------------------------------    -------------------
                         (clock sys_clk_pin rise edge)
                                                      0.000     0.000 r  
    K17                                               0.000     0.000 r  clk (IN)
                         net (fo=0)                   0.000     0.000    clk
    K17                  IBUF (Prop_ibuf_I_O)         1.492     1.492 r  clk_IBUF_inst/O
                         net (fo=1, routed)           2.076     3.568    clk_IBUF
    BUFGCTRL_X0Y16       BUFG (Prop_bufg_I_O)         0.101     3.669 r  clk_IBUF_BUFG_inst/O
                         net (fo=115, routed)         1.756     5.425    design_1_i/Debouncing_Button_VH_0/U0/clock_enable_generator/clk
    SLICE_X38Y48         FDRE                                         r  design_1_i/Debouncing_Button_VH_0/U0/clock_enable_generator/counter_reg[15]/C
  -------------------------------------------------------------------    -------------------
    SLICE_X38Y48         FDRE (Prop_fdre_C_Q)         0.518     5.943 r  design_1_i/Debouncing_Button_VH_0/U0/clock_enable_generator/counter_reg[15]/Q
                         net (fo=2, routed)           1.088     7.031    design_1_i/Debouncing_Button_VH_0/U0/clock_enable_generator/counter_reg[15]
    SLICE_X39Y48         LUT4 (Prop_lut4_I0_O)        0.124     7.155 r  design_1_i/Debouncing_Button_VH_0/U0/clock_enable_generator/counter[0]_i_4/O
                         net (fo=2, routed)           0.797     7.952    design_1_i/Debouncing_Button_VH_0/U0/clock_enable_generator/counter[0]_i_4_n_0
    SLICE_X37Y48         LUT6 (Prop_lut6_I3_O)        0.124     8.076 r  design_1_i/Debouncing_Button_VH_0/U0/clock_enable_generator/counter[0]_i_1/O
                         net (fo=28, routed)          0.818     8.895    design_1_i/Debouncing_Button_VH_0/U0/clock_enable_generator/clear
    SLICE_X38Y50         FDRE                                         r  design_1_i/Debouncing_Button_VH_0/U0/clock_enable_generator/counter_reg[22]/R
  -------------------------------------------------------------------    -------------------

                         (clock sys_clk_pin rise edge)
                                                      8.000     8.000 r  
    K17                                               0.000     8.000 r  clk (IN)
                         net (fo=0)                   0.000     8.000    clk
    K17                  IBUF (Prop_ibuf_I_O)         1.421     9.421 r  clk_IBUF_inst/O
                         net (fo=1, routed)           1.880    11.301    clk_IBUF
    BUFGCTRL_X0Y16       BUFG (Prop_bufg_I_O)         0.091    11.392 r  clk_IBUF_BUFG_inst/O
                         net (fo=115, routed)         1.563    12.955    design_1_i/Debouncing_Button_VH_0/U0/clock_enable_generator/clk
    SLICE_X38Y50         FDRE                                         r  design_1_i/Debouncing_Button_VH_0/U0/clock_enable_generator/counter_reg[22]/C
                         clock pessimism              0.277    13.231    
                         clock uncertainty           -0.035    13.196    
    SLICE_X38Y50         FDRE (Setup_fdre_C_R)       -0.524    12.672    design_1_i/Debouncing_Button_VH_0/U0/clock_enable_generator/counter_reg[22]
  -------------------------------------------------------------------
                         required time                         12.672    
                         arrival time                          -8.895    
  -------------------------------------------------------------------
                         slack                                  3.777    





Min Delay Paths
--------------------------------------------------------------------------------------
Slack (MET) :             0.090ns  (arrival time - required time)
  Source:                 design_1_i/ALU_0/U0/result_reg[1]/C
                            (rising edge-triggered cell FDRE clocked by sys_clk_pin  {rise@0.000ns fall@4.000ns period=8.000ns})
  Destination:            design_1_i/ALU_0/U0/b_r_reg[2]/D
                            (rising edge-triggered cell FDRE clocked by sys_clk_pin  {rise@0.000ns fall@4.000ns period=8.000ns})
  Path Group:             sys_clk_pin
  Path Type:              Hold (Min at Fast Process Corner)
  Requirement:            0.000ns  (sys_clk_pin rise@0.000ns - sys_clk_pin rise@0.000ns)
  Data Path Delay:        0.487ns  (logic 0.186ns (38.221%)  route 0.301ns (61.779%))
  Logic Levels:           1  (LUT5=1)
  Clock Path Skew:        0.275ns (DCD - SCD - CPR)
    Destination Clock Delay (DCD):    2.023ns
    Source Clock Delay      (SCD):    1.501ns
    Clock Pessimism Removal (CPR):    0.247ns

    Location             Delay type                Incr(ns)  Path(ns)    Netlist Resource(s)
  -------------------------------------------------------------------    -------------------
                         (clock sys_clk_pin rise edge)
                                                      0.000     0.000 r  
    K17                                               0.000     0.000 r  clk (IN)
                         net (fo=0)                   0.000     0.000    clk
    K17                  IBUF (Prop_ibuf_I_O)         0.259     0.259 r  clk_IBUF_inst/O
                         net (fo=1, routed)           0.627     0.887    clk_IBUF
    BUFGCTRL_X0Y16       BUFG (Prop_bufg_I_O)         0.026     0.913 r  clk_IBUF_BUFG_inst/O
                         net (fo=115, routed)         0.589     1.501    design_1_i/ALU_0/U0/clk
    SLICE_X41Y50         FDRE                                         r  design_1_i/ALU_0/U0/result_reg[1]/C
  -------------------------------------------------------------------    -------------------
    SLICE_X41Y50         FDRE (Prop_fdre_C_Q)         0.141     1.642 f  design_1_i/ALU_0/U0/result_reg[1]/Q
                         net (fo=5, routed)           0.301     1.943    design_1_i/ALU_0/U0/result_reg_n_0_[1]
    SLICE_X42Y49         LUT5 (Prop_lut5_I4_O)        0.045     1.988 r  design_1_i/ALU_0/U0/b_r[2]_i_1/O
                         net (fo=1, routed)           0.000     1.988    design_1_i/ALU_0/U0/B[2]
    SLICE_X42Y49         FDRE                                         r  design_1_i/ALU_0/U0/b_r_reg[2]/D
  -------------------------------------------------------------------    -------------------

                         (clock sys_clk_pin rise edge)
                                                      0.000     0.000 r  
    K17                                               0.000     0.000 r  clk (IN)
                         net (fo=0)                   0.000     0.000    clk
    K17                  IBUF (Prop_ibuf_I_O)         0.447     0.447 r  clk_IBUF_inst/O
                         net (fo=1, routed)           0.683     1.130    clk_IBUF
    BUFGCTRL_X0Y16       BUFG (Prop_bufg_I_O)         0.029     1.159 r  clk_IBUF_BUFG_inst/O
                         net (fo=115, routed)         0.864     2.023    design_1_i/ALU_0/U0/clk
    SLICE_X42Y49         FDRE                                         r  design_1_i/ALU_0/U0/b_r_reg[2]/C
                         clock pessimism             -0.247     1.777    
    SLICE_X42Y49         FDRE (Hold_fdre_C_D)         0.121     1.898    design_1_i/ALU_0/U0/b_r_reg[2]
  -------------------------------------------------------------------
                         required time                         -1.898    
                         arrival time                           1.988    
  -------------------------------------------------------------------
                         slack                                  0.090    

Slack (MET) :             0.096ns  (arrival time - required time)
  Source:                 design_1_i/ALU_0/U0/result_reg[1]/C
                            (rising edge-triggered cell FDRE clocked by sys_clk_pin  {rise@0.000ns fall@4.000ns period=8.000ns})
  Destination:            design_1_i/ALU_0/U0/b_r_reg[1]/D
                            (rising edge-triggered cell FDRE clocked by sys_clk_pin  {rise@0.000ns fall@4.000ns period=8.000ns})
  Path Group:             sys_clk_pin
  Path Type:              Hold (Min at Fast Process Corner)
  Requirement:            0.000ns  (sys_clk_pin rise@0.000ns - sys_clk_pin rise@0.000ns)
  Data Path Delay:        0.492ns  (logic 0.186ns (37.833%)  route 0.306ns (62.167%))
  Logic Levels:           1  (LUT5=1)
  Clock Path Skew:        0.275ns (DCD - SCD - CPR)
    Destination Clock Delay (DCD):    2.023ns
    Source Clock Delay      (SCD):    1.501ns
    Clock Pessimism Removal (CPR):    0.247ns

    Location             Delay type                Incr(ns)  Path(ns)    Netlist Resource(s)
  -------------------------------------------------------------------    -------------------
                         (clock sys_clk_pin rise edge)
                                                      0.000     0.000 r  
    K17                                               0.000     0.000 r  clk (IN)
                         net (fo=0)                   0.000     0.000    clk
    K17                  IBUF (Prop_ibuf_I_O)         0.259     0.259 r  clk_IBUF_inst/O
                         net (fo=1, routed)           0.627     0.887    clk_IBUF
    BUFGCTRL_X0Y16       BUFG (Prop_bufg_I_O)         0.026     0.913 r  clk_IBUF_BUFG_inst/O
                         net (fo=115, routed)         0.589     1.501    design_1_i/ALU_0/U0/clk
    SLICE_X41Y50         FDRE                                         r  design_1_i/ALU_0/U0/result_reg[1]/C
  -------------------------------------------------------------------    -------------------
    SLICE_X41Y50         FDRE (Prop_fdre_C_Q)         0.141     1.642 r  design_1_i/ALU_0/U0/result_reg[1]/Q
                         net (fo=5, routed)           0.306     1.948    design_1_i/ALU_0/U0/result_reg_n_0_[1]
    SLICE_X42Y49         LUT5 (Prop_lut5_I4_O)        0.045     1.993 r  design_1_i/ALU_0/U0/b_r[1]_i_1/O
                         net (fo=1, routed)           0.000     1.993    design_1_i/ALU_0/U0/B[1]
    SLICE_X42Y49         FDRE                                         r  design_1_i/ALU_0/U0/b_r_reg[1]/D
  -------------------------------------------------------------------    -------------------

                         (clock sys_clk_pin rise edge)
                                                      0.000     0.000 r  
    K17                                               0.000     0.000 r  clk (IN)
                         net (fo=0)                   0.000     0.000    clk
    K17                  IBUF (Prop_ibuf_I_O)         0.447     0.447 r  clk_IBUF_inst/O
                         net (fo=1, routed)           0.683     1.130    clk_IBUF
    BUFGCTRL_X0Y16       BUFG (Prop_bufg_I_O)         0.029     1.159 r  clk_IBUF_BUFG_inst/O
                         net (fo=115, routed)         0.864     2.023    design_1_i/ALU_0/U0/clk
    SLICE_X42Y49         FDRE                                         r  design_1_i/ALU_0/U0/b_r_reg[1]/C
                         clock pessimism             -0.247     1.777    
    SLICE_X42Y49         FDRE (Hold_fdre_C_D)         0.120     1.897    design_1_i/ALU_0/U0/b_r_reg[1]
  -------------------------------------------------------------------
                         required time                         -1.897    
                         arrival time                           1.993    
  -------------------------------------------------------------------
                         slack                                  0.096    

Slack (MET) :             0.102ns  (arrival time - required time)
  Source:                 design_1_i/Debouncing_Button_VH_0/U0/clock_enable_generator/counter_reg[18]/C
                            (rising edge-triggered cell FDRE clocked by sys_clk_pin  {rise@0.000ns fall@4.000ns period=8.000ns})
  Destination:            design_1_i/Debouncing_Button_VH_0/U0/clock_enable_generator/counter_reg[20]/D
                            (rising edge-triggered cell FDRE clocked by sys_clk_pin  {rise@0.000ns fall@4.000ns period=8.000ns})
  Path Group:             sys_clk_pin
  Path Type:              Hold (Min at Fast Process Corner)
  Requirement:            0.000ns  (sys_clk_pin rise@0.000ns - sys_clk_pin rise@0.000ns)
  Data Path Delay:        0.500ns  (logic 0.373ns (74.560%)  route 0.127ns (25.440%))
  Logic Levels:           2  (CARRY4=2)
  Clock Path Skew:        0.264ns (DCD - SCD - CPR)
    Destination Clock Delay (DCD):    2.016ns
    Source Clock Delay      (SCD):    1.505ns
    Clock Pessimism Removal (CPR):    0.247ns

    Location             Delay type                Incr(ns)  Path(ns)    Netlist Resource(s)
  -------------------------------------------------------------------    -------------------
                         (clock sys_clk_pin rise edge)
                                                      0.000     0.000 r  
    K17                                               0.000     0.000 r  clk (IN)
                         net (fo=0)                   0.000     0.000    clk
    K17                  IBUF (Prop_ibuf_I_O)         0.259     0.259 r  clk_IBUF_inst/O
                         net (fo=1, routed)           0.627     0.887    clk_IBUF
    BUFGCTRL_X0Y16       BUFG (Prop_bufg_I_O)         0.026     0.913 r  clk_IBUF_BUFG_inst/O
                         net (fo=115, routed)         0.593     1.505    design_1_i/Debouncing_Button_VH_0/U0/clock_enable_generator/clk
    SLICE_X38Y49         FDRE                                         r  design_1_i/Debouncing_Button_VH_0/U0/clock_enable_generator/counter_reg[18]/C
  -------------------------------------------------------------------    -------------------
    SLICE_X38Y49         FDRE (Prop_fdre_C_Q)         0.164     1.669 r  design_1_i/Debouncing_Button_VH_0/U0/clock_enable_generator/counter_reg[18]/Q
                         net (fo=3, routed)           0.127     1.796    design_1_i/Debouncing_Button_VH_0/U0/clock_enable_generator/counter_reg[18]
    SLICE_X38Y49         CARRY4 (Prop_carry4_S[2]_CO[3])
                                                      0.156     1.952 r  design_1_i/Debouncing_Button_VH_0/U0/clock_enable_generator/counter_reg[16]_i_1/CO[3]
                         net (fo=1, routed)           0.001     1.952    design_1_i/Debouncing_Button_VH_0/U0/clock_enable_generator/counter_reg[16]_i_1_n_0
    SLICE_X38Y50         CARRY4 (Prop_carry4_CI_O[0])
                                                      0.053     2.005 r  design_1_i/Debouncing_Button_VH_0/U0/clock_enable_generator/counter_reg[20]_i_1/O[0]
                         net (fo=1, routed)           0.000     2.005    design_1_i/Debouncing_Button_VH_0/U0/clock_enable_generator/counter_reg[20]_i_1_n_7
    SLICE_X38Y50         FDRE                                         r  design_1_i/Debouncing_Button_VH_0/U0/clock_enable_generator/counter_reg[20]/D
  -------------------------------------------------------------------    -------------------

                         (clock sys_clk_pin rise edge)
                                                      0.000     0.000 r  
    K17                                               0.000     0.000 r  clk (IN)
                         net (fo=0)                   0.000     0.000    clk
    K17                  IBUF (Prop_ibuf_I_O)         0.447     0.447 r  clk_IBUF_inst/O
                         net (fo=1, routed)           0.683     1.130    clk_IBUF
    BUFGCTRL_X0Y16       BUFG (Prop_bufg_I_O)         0.029     1.159 r  clk_IBUF_BUFG_inst/O
                         net (fo=115, routed)         0.857     2.016    design_1_i/Debouncing_Button_VH_0/U0/clock_enable_generator/clk
    SLICE_X38Y50         FDRE                                         r  design_1_i/Debouncing_Button_VH_0/U0/clock_enable_generator/counter_reg[20]/C
                         clock pessimism             -0.247     1.770    
    SLICE_X38Y50         FDRE (Hold_fdre_C_D)         0.134     1.904    design_1_i/Debouncing_Button_VH_0/U0/clock_enable_generator/counter_reg[20]
  -------------------------------------------------------------------
                         required time                         -1.904    
                         arrival time                           2.005    
  -------------------------------------------------------------------
                         slack                                  0.102    

Slack (MET) :             0.106ns  (arrival time - required time)
  Source:                 design_1_i/ALU_0/U0/b_r_reg[0]/C
                            (rising edge-triggered cell FDRE clocked by sys_clk_pin  {rise@0.000ns fall@4.000ns period=8.000ns})
  Destination:            design_1_i/ALU_0/U0/result_reg[0]/D
                            (rising edge-triggered cell FDRE clocked by sys_clk_pin  {rise@0.000ns fall@4.000ns period=8.000ns})
  Path Group:             sys_clk_pin
  Path Type:              Hold (Min at Fast Process Corner)
  Requirement:            0.000ns  (sys_clk_pin rise@0.000ns - sys_clk_pin rise@0.000ns)
  Data Path Delay:        0.491ns  (logic 0.254ns (51.727%)  route 0.237ns (48.273%))
  Logic Levels:           2  (LUT5=1 LUT6=1)
  Clock Path Skew:        0.264ns (DCD - SCD - CPR)
    Destination Clock Delay (DCD):    2.018ns
    Source Clock Delay      (SCD):    1.507ns
    Clock Pessimism Removal (CPR):    0.247ns

    Location             Delay type                Incr(ns)  Path(ns)    Netlist Resource(s)
  -------------------------------------------------------------------    -------------------
                         (clock sys_clk_pin rise edge)
                                                      0.000     0.000 r  
    K17                                               0.000     0.000 r  clk (IN)
                         net (fo=0)                   0.000     0.000    clk
    K17                  IBUF (Prop_ibuf_I_O)         0.259     0.259 r  clk_IBUF_inst/O
                         net (fo=1, routed)           0.627     0.887    clk_IBUF
    BUFGCTRL_X0Y16       BUFG (Prop_bufg_I_O)         0.026     0.913 r  clk_IBUF_BUFG_inst/O
                         net (fo=115, routed)         0.595     1.507    design_1_i/ALU_0/U0/clk
    SLICE_X42Y49         FDRE                                         r  design_1_i/ALU_0/U0/b_r_reg[0]/C
  -------------------------------------------------------------------    -------------------
    SLICE_X42Y49         FDRE (Prop_fdre_C_Q)         0.164     1.671 r  design_1_i/ALU_0/U0/b_r_reg[0]/Q
                         net (fo=28, routed)          0.183     1.854    design_1_i/ALU_0/U0/b_r_reg_n_0_[0]
    SLICE_X42Y51         LUT6 (Prop_lut6_I4_O)        0.045     1.899 r  design_1_i/ALU_0/U0/result[0]_i_3/O
                         net (fo=1, routed)           0.054     1.953    design_1_i/ALU_0/U0/result[0]_i_3_n_0
    SLICE_X42Y51         LUT5 (Prop_lut5_I2_O)        0.045     1.998 r  design_1_i/ALU_0/U0/result[0]_i_1/O
                         net (fo=1, routed)           0.000     1.998    design_1_i/ALU_0/U0/result[0]
    SLICE_X42Y51         FDRE                                         r  design_1_i/ALU_0/U0/result_reg[0]/D
  -------------------------------------------------------------------    -------------------

                         (clock sys_clk_pin rise edge)
                                                      0.000     0.000 r  
    K17                                               0.000     0.000 r  clk (IN)
                         net (fo=0)                   0.000     0.000    clk
    K17                  IBUF (Prop_ibuf_I_O)         0.447     0.447 r  clk_IBUF_inst/O
                         net (fo=1, routed)           0.683     1.130    clk_IBUF
    BUFGCTRL_X0Y16       BUFG (Prop_bufg_I_O)         0.029     1.159 r  clk_IBUF_BUFG_inst/O
                         net (fo=115, routed)         0.859     2.018    design_1_i/ALU_0/U0/clk
    SLICE_X42Y51         FDRE                                         r  design_1_i/ALU_0/U0/result_reg[0]/C
                         clock pessimism             -0.247     1.772    
    SLICE_X42Y51         FDRE (Hold_fdre_C_D)         0.121     1.893    design_1_i/ALU_0/U0/result_reg[0]
  -------------------------------------------------------------------
                         required time                         -1.893    
                         arrival time                           1.998    
  -------------------------------------------------------------------
                         slack                                  0.106    

Slack (MET) :             0.108ns  (arrival time - required time)
  Source:                 design_1_i/control_unit_0/U0/clk_counter_reg[2]/C
                            (rising edge-triggered cell FDRE clocked by sys_clk_pin  {rise@0.000ns fall@4.000ns period=8.000ns})
  Destination:            design_1_i/control_unit_0/U0/clk_counter_reg[4]/D
                            (rising edge-triggered cell FDRE clocked by sys_clk_pin  {rise@0.000ns fall@4.000ns period=8.000ns})
  Path Group:             sys_clk_pin
  Path Type:              Hold (Min at Fast Process Corner)
  Requirement:            0.000ns  (sys_clk_pin rise@0.000ns - sys_clk_pin rise@0.000ns)
  Data Path Delay:        0.477ns  (logic 0.355ns (74.400%)  route 0.122ns (25.600%))
  Logic Levels:           2  (CARRY4=2)
  Clock Path Skew:        0.264ns (DCD - SCD - CPR)
    Destination Clock Delay (DCD):    2.016ns
    Source Clock Delay      (SCD):    1.505ns
    Clock Pessimism Removal (CPR):    0.247ns

    Location             Delay type                Incr(ns)  Path(ns)    Netlist Resource(s)
  -------------------------------------------------------------------    -------------------
                         (clock sys_clk_pin rise edge)
                                                      0.000     0.000 r  
    K17                                               0.000     0.000 r  clk (IN)
                         net (fo=0)                   0.000     0.000    clk
    K17                  IBUF (Prop_ibuf_I_O)         0.259     0.259 r  clk_IBUF_inst/O
                         net (fo=1, routed)           0.627     0.887    clk_IBUF
    BUFGCTRL_X0Y16       BUFG (Prop_bufg_I_O)         0.026     0.913 r  clk_IBUF_BUFG_inst/O
                         net (fo=115, routed)         0.593     1.505    design_1_i/control_unit_0/U0/clk
    SLICE_X36Y49         FDRE                                         r  design_1_i/control_unit_0/U0/clk_counter_reg[2]/C
  -------------------------------------------------------------------    -------------------
    SLICE_X36Y49         FDRE (Prop_fdre_C_Q)         0.141     1.646 r  design_1_i/control_unit_0/U0/clk_counter_reg[2]/Q
                         net (fo=1, routed)           0.121     1.768    design_1_i/control_unit_0/U0/clk_counter_reg_n_0_[2]
    SLICE_X36Y49         CARRY4 (Prop_carry4_S[2]_CO[3])
                                                      0.160     1.928 r  design_1_i/control_unit_0/U0/clk_counter_reg[0]_i_1/CO[3]
                         net (fo=1, routed)           0.001     1.928    design_1_i/control_unit_0/U0/clk_counter_reg[0]_i_1_n_0
    SLICE_X36Y50         CARRY4 (Prop_carry4_CI_O[0])
                                                      0.054     1.982 r  design_1_i/control_unit_0/U0/clk_counter_reg[4]_i_1/O[0]
                         net (fo=1, routed)           0.000     1.982    design_1_i/control_unit_0/U0/clk_counter_reg[4]_i_1_n_7
    SLICE_X36Y50         FDRE                                         r  design_1_i/control_unit_0/U0/clk_counter_reg[4]/D
  -------------------------------------------------------------------    -------------------

                         (clock sys_clk_pin rise edge)
                                                      0.000     0.000 r  
    K17                                               0.000     0.000 r  clk (IN)
                         net (fo=0)                   0.000     0.000    clk
    K17                  IBUF (Prop_ibuf_I_O)         0.447     0.447 r  clk_IBUF_inst/O
                         net (fo=1, routed)           0.683     1.130    clk_IBUF
    BUFGCTRL_X0Y16       BUFG (Prop_bufg_I_O)         0.029     1.159 r  clk_IBUF_BUFG_inst/O
                         net (fo=115, routed)         0.857     2.016    design_1_i/control_unit_0/U0/clk
    SLICE_X36Y50         FDRE                                         r  design_1_i/control_unit_0/U0/clk_counter_reg[4]/C
                         clock pessimism             -0.247     1.770    
    SLICE_X36Y50         FDRE (Hold_fdre_C_D)         0.105     1.875    design_1_i/control_unit_0/U0/clk_counter_reg[4]
  -------------------------------------------------------------------
                         required time                         -1.875    
                         arrival time                           1.982    
  -------------------------------------------------------------------
                         slack                                  0.108    

Slack (MET) :             0.115ns  (arrival time - required time)
  Source:                 design_1_i/Debouncing_Button_VH_0/U0/clock_enable_generator/counter_reg[18]/C
                            (rising edge-triggered cell FDRE clocked by sys_clk_pin  {rise@0.000ns fall@4.000ns period=8.000ns})
  Destination:            design_1_i/Debouncing_Button_VH_0/U0/clock_enable_generator/counter_reg[22]/D
                            (rising edge-triggered cell FDRE clocked by sys_clk_pin  {rise@0.000ns fall@4.000ns period=8.000ns})
  Path Group:             sys_clk_pin
  Path Type:              Hold (Min at Fast Process Corner)
  Requirement:            0.000ns  (sys_clk_pin rise@0.000ns - sys_clk_pin rise@0.000ns)
  Data Path Delay:        0.513ns  (logic 0.386ns (75.204%)  route 0.127ns (24.796%))
  Logic Levels:           2  (CARRY4=2)
  Clock Path Skew:        0.264ns (DCD - SCD - CPR)
    Destination Clock Delay (DCD):    2.016ns
    Source Clock Delay      (SCD):    1.505ns
    Clock Pessimism Removal (CPR):    0.247ns

    Location             Delay type                Incr(ns)  Path(ns)    Netlist Resource(s)
  -------------------------------------------------------------------    -------------------
                         (clock sys_clk_pin rise edge)
                                                      0.000     0.000 r  
    K17                                               0.000     0.000 r  clk (IN)
                         net (fo=0)                   0.000     0.000    clk
    K17                  IBUF (Prop_ibuf_I_O)         0.259     0.259 r  clk_IBUF_inst/O
                         net (fo=1, routed)           0.627     0.887    clk_IBUF
    BUFGCTRL_X0Y16       BUFG (Prop_bufg_I_O)         0.026     0.913 r  clk_IBUF_BUFG_inst/O
                         net (fo=115, routed)         0.593     1.505    design_1_i/Debouncing_Button_VH_0/U0/clock_enable_generator/clk
    SLICE_X38Y49         FDRE                                         r  design_1_i/Debouncing_Button_VH_0/U0/clock_enable_generator/counter_reg[18]/C
  -------------------------------------------------------------------    -------------------
    SLICE_X38Y49         FDRE (Prop_fdre_C_Q)         0.164     1.669 r  design_1_i/Debouncing_Button_VH_0/U0/clock_enable_generator/counter_reg[18]/Q
                         net (fo=3, routed)           0.127     1.796    design_1_i/Debouncing_Button_VH_0/U0/clock_enable_generator/counter_reg[18]
    SLICE_X38Y49         CARRY4 (Prop_carry4_S[2]_CO[3])
                                                      0.156     1.952 r  design_1_i/Debouncing_Button_VH_0/U0/clock_enable_generator/counter_reg[16]_i_1/CO[3]
                         net (fo=1, routed)           0.001     1.952    design_1_i/Debouncing_Button_VH_0/U0/clock_enable_generator/counter_reg[16]_i_1_n_0
    SLICE_X38Y50         CARRY4 (Prop_carry4_CI_O[2])
                                                      0.066     2.018 r  design_1_i/Debouncing_Button_VH_0/U0/clock_enable_generator/counter_reg[20]_i_1/O[2]
                         net (fo=1, routed)           0.000     2.018    design_1_i/Debouncing_Button_VH_0/U0/clock_enable_generator/counter_reg[20]_i_1_n_5
    SLICE_X38Y50         FDRE                                         r  design_1_i/Debouncing_Button_VH_0/U0/clock_enable_generator/counter_reg[22]/D
  -------------------------------------------------------------------    -------------------

                         (clock sys_clk_pin rise edge)
                                                      0.000     0.000 r  
    K17                                               0.000     0.000 r  clk (IN)
                         net (fo=0)                   0.000     0.000    clk
    K17                  IBUF (Prop_ibuf_I_O)         0.447     0.447 r  clk_IBUF_inst/O
                         net (fo=1, routed)           0.683     1.130    clk_IBUF
    BUFGCTRL_X0Y16       BUFG (Prop_bufg_I_O)         0.029     1.159 r  clk_IBUF_BUFG_inst/O
                         net (fo=115, routed)         0.857     2.016    design_1_i/Debouncing_Button_VH_0/U0/clock_enable_generator/clk
    SLICE_X38Y50         FDRE                                         r  design_1_i/Debouncing_Button_VH_0/U0/clock_enable_generator/counter_reg[22]/C
                         clock pessimism             -0.247     1.770    
    SLICE_X38Y50         FDRE (Hold_fdre_C_D)         0.134     1.904    design_1_i/Debouncing_Button_VH_0/U0/clock_enable_generator/counter_reg[22]
  -------------------------------------------------------------------
                         required time                         -1.904    
                         arrival time                           2.018    
  -------------------------------------------------------------------
                         slack                                  0.115    

Slack (MET) :             0.119ns  (arrival time - required time)
  Source:                 design_1_i/control_unit_0/U0/clk_counter_reg[2]/C
                            (rising edge-triggered cell FDRE clocked by sys_clk_pin  {rise@0.000ns fall@4.000ns period=8.000ns})
  Destination:            design_1_i/control_unit_0/U0/clk_counter_reg[6]/D
                            (rising edge-triggered cell FDRE clocked by sys_clk_pin  {rise@0.000ns fall@4.000ns period=8.000ns})
  Path Group:             sys_clk_pin
  Path Type:              Hold (Min at Fast Process Corner)
  Requirement:            0.000ns  (sys_clk_pin rise@0.000ns - sys_clk_pin rise@0.000ns)
  Data Path Delay:        0.488ns  (logic 0.366ns (74.977%)  route 0.122ns (25.023%))
  Logic Levels:           2  (CARRY4=2)
  Clock Path Skew:        0.264ns (DCD - SCD - CPR)
    Destination Clock Delay (DCD):    2.016ns
    Source Clock Delay      (SCD):    1.505ns
    Clock Pessimism Removal (CPR):    0.247ns

    Location             Delay type                Incr(ns)  Path(ns)    Netlist Resource(s)
  -------------------------------------------------------------------    -------------------
                         (clock sys_clk_pin rise edge)
                                                      0.000     0.000 r  
    K17                                               0.000     0.000 r  clk (IN)
                         net (fo=0)                   0.000     0.000    clk
    K17                  IBUF (Prop_ibuf_I_O)         0.259     0.259 r  clk_IBUF_inst/O
                         net (fo=1, routed)           0.627     0.887    clk_IBUF
    BUFGCTRL_X0Y16       BUFG (Prop_bufg_I_O)         0.026     0.913 r  clk_IBUF_BUFG_inst/O
                         net (fo=115, routed)         0.593     1.505    design_1_i/control_unit_0/U0/clk
    SLICE_X36Y49         FDRE                                         r  design_1_i/control_unit_0/U0/clk_counter_reg[2]/C
  -------------------------------------------------------------------    -------------------
    SLICE_X36Y49         FDRE (Prop_fdre_C_Q)         0.141     1.646 r  design_1_i/control_unit_0/U0/clk_counter_reg[2]/Q
                         net (fo=1, routed)           0.121     1.768    design_1_i/control_unit_0/U0/clk_counter_reg_n_0_[2]
    SLICE_X36Y49         CARRY4 (Prop_carry4_S[2]_CO[3])
                                                      0.160     1.928 r  design_1_i/control_unit_0/U0/clk_counter_reg[0]_i_1/CO[3]
                         net (fo=1, routed)           0.001     1.928    design_1_i/control_unit_0/U0/clk_counter_reg[0]_i_1_n_0
    SLICE_X36Y50         CARRY4 (Prop_carry4_CI_O[2])
                                                      0.065     1.993 r  design_1_i/control_unit_0/U0/clk_counter_reg[4]_i_1/O[2]
                         net (fo=1, routed)           0.000     1.993    design_1_i/control_unit_0/U0/clk_counter_reg[4]_i_1_n_5
    SLICE_X36Y50         FDRE                                         r  design_1_i/control_unit_0/U0/clk_counter_reg[6]/D
  -------------------------------------------------------------------    -------------------

                         (clock sys_clk_pin rise edge)
                                                      0.000     0.000 r  
    K17                                               0.000     0.000 r  clk (IN)
                         net (fo=0)                   0.000     0.000    clk
    K17                  IBUF (Prop_ibuf_I_O)         0.447     0.447 r  clk_IBUF_inst/O
                         net (fo=1, routed)           0.683     1.130    clk_IBUF
    BUFGCTRL_X0Y16       BUFG (Prop_bufg_I_O)         0.029     1.159 r  clk_IBUF_BUFG_inst/O
                         net (fo=115, routed)         0.857     2.016    design_1_i/control_unit_0/U0/clk
    SLICE_X36Y50         FDRE                                         r  design_1_i/control_unit_0/U0/clk_counter_reg[6]/C
                         clock pessimism             -0.247     1.770    
    SLICE_X36Y50         FDRE (Hold_fdre_C_D)         0.105     1.875    design_1_i/control_unit_0/U0/clk_counter_reg[6]
  -------------------------------------------------------------------
                         required time                         -1.875    
                         arrival time                           1.993    
  -------------------------------------------------------------------
                         slack                                  0.119    

Slack (MET) :             0.138ns  (arrival time - required time)
  Source:                 design_1_i/Debouncing_Button_VH_0/U0/clock_enable_generator/counter_reg[18]/C
                            (rising edge-triggered cell FDRE clocked by sys_clk_pin  {rise@0.000ns fall@4.000ns period=8.000ns})
  Destination:            design_1_i/Debouncing_Button_VH_0/U0/clock_enable_generator/counter_reg[21]/D
                            (rising edge-triggered cell FDRE clocked by sys_clk_pin  {rise@0.000ns fall@4.000ns period=8.000ns})
  Path Group:             sys_clk_pin
  Path Type:              Hold (Min at Fast Process Corner)
  Requirement:            0.000ns  (sys_clk_pin rise@0.000ns - sys_clk_pin rise@0.000ns)
  Data Path Delay:        0.536ns  (logic 0.409ns (76.267%)  route 0.127ns (23.733%))
  Logic Levels:           2  (CARRY4=2)
  Clock Path Skew:        0.264ns (DCD - SCD - CPR)
    Destination Clock Delay (DCD):    2.016ns
    Source Clock Delay      (SCD):    1.505ns
    Clock Pessimism Removal (CPR):    0.247ns

    Location             Delay type                Incr(ns)  Path(ns)    Netlist Resource(s)
  -------------------------------------------------------------------    -------------------
                         (clock sys_clk_pin rise edge)
                                                      0.000     0.000 r  
    K17                                               0.000     0.000 r  clk (IN)
                         net (fo=0)                   0.000     0.000    clk
    K17                  IBUF (Prop_ibuf_I_O)         0.259     0.259 r  clk_IBUF_inst/O
                         net (fo=1, routed)           0.627     0.887    clk_IBUF
    BUFGCTRL_X0Y16       BUFG (Prop_bufg_I_O)         0.026     0.913 r  clk_IBUF_BUFG_inst/O
                         net (fo=115, routed)         0.593     1.505    design_1_i/Debouncing_Button_VH_0/U0/clock_enable_generator/clk
    SLICE_X38Y49         FDRE                                         r  design_1_i/Debouncing_Button_VH_0/U0/clock_enable_generator/counter_reg[18]/C
  -------------------------------------------------------------------    -------------------
    SLICE_X38Y49         FDRE (Prop_fdre_C_Q)         0.164     1.669 r  design_1_i/Debouncing_Button_VH_0/U0/clock_enable_generator/counter_reg[18]/Q
                         net (fo=3, routed)           0.127     1.796    design_1_i/Debouncing_Button_VH_0/U0/clock_enable_generator/counter_reg[18]
    SLICE_X38Y49         CARRY4 (Prop_carry4_S[2]_CO[3])
                                                      0.156     1.952 r  design_1_i/Debouncing_Button_VH_0/U0/clock_enable_generator/counter_reg[16]_i_1/CO[3]
                         net (fo=1, routed)           0.001     1.952    design_1_i/Debouncing_Button_VH_0/U0/clock_enable_generator/counter_reg[16]_i_1_n_0
    SLICE_X38Y50         CARRY4 (Prop_carry4_CI_O[1])
                                                      0.089     2.041 r  design_1_i/Debouncing_Button_VH_0/U0/clock_enable_generator/counter_reg[20]_i_1/O[1]
                         net (fo=1, routed)           0.000     2.041    design_1_i/Debouncing_Button_VH_0/U0/clock_enable_generator/counter_reg[20]_i_1_n_6
    SLICE_X38Y50         FDRE                                         r  design_1_i/Debouncing_Button_VH_0/U0/clock_enable_generator/counter_reg[21]/D
  -------------------------------------------------------------------    -------------------

                         (clock sys_clk_pin rise edge)
                                                      0.000     0.000 r  
    K17                                               0.000     0.000 r  clk (IN)
                         net (fo=0)                   0.000     0.000    clk
    K17                  IBUF (Prop_ibuf_I_O)         0.447     0.447 r  clk_IBUF_inst/O
                         net (fo=1, routed)           0.683     1.130    clk_IBUF
    BUFGCTRL_X0Y16       BUFG (Prop_bufg_I_O)         0.029     1.159 r  clk_IBUF_BUFG_inst/O
                         net (fo=115, routed)         0.857     2.016    design_1_i/Debouncing_Button_VH_0/U0/clock_enable_generator/clk
    SLICE_X38Y50         FDRE                                         r  design_1_i/Debouncing_Button_VH_0/U0/clock_enable_generator/counter_reg[21]/C
                         clock pessimism             -0.247     1.770    
    SLICE_X38Y50         FDRE (Hold_fdre_C_D)         0.134     1.904    design_1_i/Debouncing_Button_VH_0/U0/clock_enable_generator/counter_reg[21]
  -------------------------------------------------------------------
                         required time                         -1.904    
                         arrival time                           2.041    
  -------------------------------------------------------------------
                         slack                                  0.138    

Slack (MET) :             0.140ns  (arrival time - required time)
  Source:                 design_1_i/Debouncing_Button_VH_0/U0/clock_enable_generator/counter_reg[18]/C
                            (rising edge-triggered cell FDRE clocked by sys_clk_pin  {rise@0.000ns fall@4.000ns period=8.000ns})
  Destination:            design_1_i/Debouncing_Button_VH_0/U0/clock_enable_generator/counter_reg[23]/D
                            (rising edge-triggered cell FDRE clocked by sys_clk_pin  {rise@0.000ns fall@4.000ns period=8.000ns})
  Path Group:             sys_clk_pin
  Path Type:              Hold (Min at Fast Process Corner)
  Requirement:            0.000ns  (sys_clk_pin rise@0.000ns - sys_clk_pin rise@0.000ns)
  Data Path Delay:        0.538ns  (logic 0.411ns (76.356%)  route 0.127ns (23.644%))
  Logic Levels:           2  (CARRY4=2)
  Clock Path Skew:        0.264ns (DCD - SCD - CPR)
    Destination Clock Delay (DCD):    2.016ns
    Source Clock Delay      (SCD):    1.505ns
    Clock Pessimism Removal (CPR):    0.247ns

    Location             Delay type                Incr(ns)  Path(ns)    Netlist Resource(s)
  -------------------------------------------------------------------    -------------------
                         (clock sys_clk_pin rise edge)
                                                      0.000     0.000 r  
    K17                                               0.000     0.000 r  clk (IN)
                         net (fo=0)                   0.000     0.000    clk
    K17                  IBUF (Prop_ibuf_I_O)         0.259     0.259 r  clk_IBUF_inst/O
                         net (fo=1, routed)           0.627     0.887    clk_IBUF
    BUFGCTRL_X0Y16       BUFG (Prop_bufg_I_O)         0.026     0.913 r  clk_IBUF_BUFG_inst/O
                         net (fo=115, routed)         0.593     1.505    design_1_i/Debouncing_Button_VH_0/U0/clock_enable_generator/clk
    SLICE_X38Y49         FDRE                                         r  design_1_i/Debouncing_Button_VH_0/U0/clock_enable_generator/counter_reg[18]/C
  -------------------------------------------------------------------    -------------------
    SLICE_X38Y49         FDRE (Prop_fdre_C_Q)         0.164     1.669 r  design_1_i/Debouncing_Button_VH_0/U0/clock_enable_generator/counter_reg[18]/Q
                         net (fo=3, routed)           0.127     1.796    design_1_i/Debouncing_Button_VH_0/U0/clock_enable_generator/counter_reg[18]
    SLICE_X38Y49         CARRY4 (Prop_carry4_S[2]_CO[3])
                                                      0.156     1.952 r  design_1_i/Debouncing_Button_VH_0/U0/clock_enable_generator/counter_reg[16]_i_1/CO[3]
                         net (fo=1, routed)           0.001     1.952    design_1_i/Debouncing_Button_VH_0/U0/clock_enable_generator/counter_reg[16]_i_1_n_0
    SLICE_X38Y50         CARRY4 (Prop_carry4_CI_O[3])
                                                      0.091     2.043 r  design_1_i/Debouncing_Button_VH_0/U0/clock_enable_generator/counter_reg[20]_i_1/O[3]
                         net (fo=1, routed)           0.000     2.043    design_1_i/Debouncing_Button_VH_0/U0/clock_enable_generator/counter_reg[20]_i_1_n_4
    SLICE_X38Y50         FDRE                                         r  design_1_i/Debouncing_Button_VH_0/U0/clock_enable_generator/counter_reg[23]/D
  -------------------------------------------------------------------    -------------------

                         (clock sys_clk_pin rise edge)
                                                      0.000     0.000 r  
    K17                                               0.000     0.000 r  clk (IN)
                         net (fo=0)                   0.000     0.000    clk
    K17                  IBUF (Prop_ibuf_I_O)         0.447     0.447 r  clk_IBUF_inst/O
                         net (fo=1, routed)           0.683     1.130    clk_IBUF
    BUFGCTRL_X0Y16       BUFG (Prop_bufg_I_O)         0.029     1.159 r  clk_IBUF_BUFG_inst/O
                         net (fo=115, routed)         0.857     2.016    design_1_i/Debouncing_Button_VH_0/U0/clock_enable_generator/clk
    SLICE_X38Y50         FDRE                                         r  design_1_i/Debouncing_Button_VH_0/U0/clock_enable_generator/counter_reg[23]/C
                         clock pessimism             -0.247     1.770    
    SLICE_X38Y50         FDRE (Hold_fdre_C_D)         0.134     1.904    design_1_i/Debouncing_Button_VH_0/U0/clock_enable_generator/counter_reg[23]
  -------------------------------------------------------------------
                         required time                         -1.904    
                         arrival time                           2.043    
  -------------------------------------------------------------------
                         slack                                  0.140    

Slack (MET) :             0.142ns  (arrival time - required time)
  Source:                 design_1_i/Debouncing_Button_VH_0/U0/clock_enable_generator/counter_reg[18]/C
                            (rising edge-triggered cell FDRE clocked by sys_clk_pin  {rise@0.000ns fall@4.000ns period=8.000ns})
  Destination:            design_1_i/Debouncing_Button_VH_0/U0/clock_enable_generator/counter_reg[24]/D
                            (rising edge-triggered cell FDRE clocked by sys_clk_pin  {rise@0.000ns fall@4.000ns period=8.000ns})
  Path Group:             sys_clk_pin
  Path Type:              Hold (Min at Fast Process Corner)
  Requirement:            0.000ns  (sys_clk_pin rise@0.000ns - sys_clk_pin rise@0.000ns)
  Data Path Delay:        0.540ns  (logic 0.413ns (76.443%)  route 0.127ns (23.557%))
  Logic Levels:           3  (CARRY4=3)
  Clock Path Skew:        0.264ns (DCD - SCD - CPR)
    Destination Clock Delay (DCD):    2.016ns
    Source Clock Delay      (SCD):    1.505ns
    Clock Pessimism Removal (CPR):    0.247ns

    Location             Delay type                Incr(ns)  Path(ns)    Netlist Resource(s)
  -------------------------------------------------------------------    -------------------
                         (clock sys_clk_pin rise edge)
                                                      0.000     0.000 r  
    K17                                               0.000     0.000 r  clk (IN)
                         net (fo=0)                   0.000     0.000    clk
    K17                  IBUF (Prop_ibuf_I_O)         0.259     0.259 r  clk_IBUF_inst/O
                         net (fo=1, routed)           0.627     0.887    clk_IBUF
    BUFGCTRL_X0Y16       BUFG (Prop_bufg_I_O)         0.026     0.913 r  clk_IBUF_BUFG_inst/O
                         net (fo=115, routed)         0.593     1.505    design_1_i/Debouncing_Button_VH_0/U0/clock_enable_generator/clk
    SLICE_X38Y49         FDRE                                         r  design_1_i/Debouncing_Button_VH_0/U0/clock_enable_generator/counter_reg[18]/C
  -------------------------------------------------------------------    -------------------
    SLICE_X38Y49         FDRE (Prop_fdre_C_Q)         0.164     1.669 r  design_1_i/Debouncing_Button_VH_0/U0/clock_enable_generator/counter_reg[18]/Q
                         net (fo=3, routed)           0.127     1.796    design_1_i/Debouncing_Button_VH_0/U0/clock_enable_generator/counter_reg[18]
    SLICE_X38Y49         CARRY4 (Prop_carry4_S[2]_CO[3])
                                                      0.156     1.952 r  design_1_i/Debouncing_Button_VH_0/U0/clock_enable_generator/counter_reg[16]_i_1/CO[3]
                         net (fo=1, routed)           0.001     1.952    design_1_i/Debouncing_Button_VH_0/U0/clock_enable_generator/counter_reg[16]_i_1_n_0
    SLICE_X38Y50         CARRY4 (Prop_carry4_CI_CO[3])
                                                      0.040     1.992 r  design_1_i/Debouncing_Button_VH_0/U0/clock_enable_generator/counter_reg[20]_i_1/CO[3]
                         net (fo=1, routed)           0.000     1.992    design_1_i/Debouncing_Button_VH_0/U0/clock_enable_generator/counter_reg[20]_i_1_n_0
    SLICE_X38Y51         CARRY4 (Prop_carry4_CI_O[0])
                                                      0.053     2.045 r  design_1_i/Debouncing_Button_VH_0/U0/clock_enable_generator/counter_reg[24]_i_1/O[0]
                         net (fo=1, routed)           0.000     2.045    design_1_i/Debouncing_Button_VH_0/U0/clock_enable_generator/counter_reg[24]_i_1_n_7
    SLICE_X38Y51         FDRE                                         r  design_1_i/Debouncing_Button_VH_0/U0/clock_enable_generator/counter_reg[24]/D
  -------------------------------------------------------------------    -------------------

                         (clock sys_clk_pin rise edge)
                                                      0.000     0.000 r  
    K17                                               0.000     0.000 r  clk (IN)
                         net (fo=0)                   0.000     0.000    clk
    K17                  IBUF (Prop_ibuf_I_O)         0.447     0.447 r  clk_IBUF_inst/O
                         net (fo=1, routed)           0.683     1.130    clk_IBUF
    BUFGCTRL_X0Y16       BUFG (Prop_bufg_I_O)         0.029     1.159 r  clk_IBUF_BUFG_inst/O
                         net (fo=115, routed)         0.857     2.016    design_1_i/Debouncing_Button_VH_0/U0/clock_enable_generator/clk
    SLICE_X38Y51         FDRE                                         r  design_1_i/Debouncing_Button_VH_0/U0/clock_enable_generator/counter_reg[24]/C
                         clock pessimism             -0.247     1.770    
    SLICE_X38Y51         FDRE (Hold_fdre_C_D)         0.134     1.904    design_1_i/Debouncing_Button_VH_0/U0/clock_enable_generator/counter_reg[24]
  -------------------------------------------------------------------
                         required time                         -1.904    
                         arrival time                           2.045    
  -------------------------------------------------------------------
                         slack                                  0.142    





Pulse Width Checks
--------------------------------------------------------------------------------------
Clock Name:         sys_clk_pin
Waveform(ns):       { 0.000 4.000 }
Period(ns):         8.000
Sources:            { clk }

Check Type        Corner  Lib Pin  Reference Pin  Required(ns)  Actual(ns)  Slack(ns)  Location        Pin
Min Period        n/a     BUFG/I   n/a            2.155         8.000       5.845      BUFGCTRL_X0Y16  clk_IBUF_BUFG_inst/I
Min Period        n/a     FDRE/C   n/a            1.000         8.000       7.000      SLICE_X42Y47    design_1_i/ALU_0/U0/a_r_reg[0]/C
Min Period        n/a     FDRE/C   n/a            1.000         8.000       7.000      SLICE_X42Y47    design_1_i/ALU_0/U0/a_r_reg[1]/C
Min Period        n/a     FDRE/C   n/a            1.000         8.000       7.000      SLICE_X42Y47    design_1_i/ALU_0/U0/a_r_reg[2]/C
Min Period        n/a     FDRE/C   n/a            1.000         8.000       7.000      SLICE_X42Y47    design_1_i/ALU_0/U0/a_r_reg[3]/C
Min Period        n/a     FDRE/C   n/a            1.000         8.000       7.000      SLICE_X42Y49    design_1_i/ALU_0/U0/b_r_reg[0]/C
Min Period        n/a     FDRE/C   n/a            1.000         8.000       7.000      SLICE_X42Y49    design_1_i/ALU_0/U0/b_r_reg[1]/C
Min Period        n/a     FDRE/C   n/a            1.000         8.000       7.000      SLICE_X42Y49    design_1_i/ALU_0/U0/b_r_reg[2]/C
Min Period        n/a     FDRE/C   n/a            1.000         8.000       7.000      SLICE_X41Y49    design_1_i/ALU_0/U0/b_r_reg[3]/C
Min Period        n/a     FDRE/C   n/a            1.000         8.000       7.000      SLICE_X43Y53    design_1_i/ALU_0/U0/finish_reg/C
Low Pulse Width   Fast    FDRE/C   n/a            0.500         4.000       3.500      SLICE_X42Y51    design_1_i/ALU_0/U0/result_reg[0]/C
Low Pulse Width   Fast    FDRE/C   n/a            0.500         4.000       3.500      SLICE_X41Y50    design_1_i/ALU_0/U0/result_reg[1]/C
Low Pulse Width   Fast    FDRE/C   n/a            0.500         4.000       3.500      SLICE_X42Y52    design_1_i/ALU_0/U0/result_reg[2]/C
Low Pulse Width   Fast    FDRE/C   n/a            0.500         4.000       3.500      SLICE_X41Y50    design_1_i/ALU_0/U0/result_reg[3]/C
Low Pulse Width   Fast    FDRE/C   n/a            0.500         4.000       3.500      SLICE_X43Y51    design_1_i/ALU_0/U0/y_reg[0]/C
Low Pulse Width   Fast    FDRE/C   n/a            0.500         4.000       3.500      SLICE_X43Y51    design_1_i/ALU_0/U0/y_reg[1]/C
Low Pulse Width   Slow    FDRE/C   n/a            0.500         4.000       3.500      SLICE_X42Y47    design_1_i/ALU_0/U0/a_r_reg[0]/C
Low Pulse Width   Fast    FDRE/C   n/a            0.500         4.000       3.500      SLICE_X42Y47    design_1_i/ALU_0/U0/a_r_reg[0]/C
Low Pulse Width   Slow    FDRE/C   n/a            0.500         4.000       3.500      SLICE_X42Y47    design_1_i/ALU_0/U0/a_r_reg[1]/C
Low Pulse Width   Fast    FDRE/C   n/a            0.500         4.000       3.500      SLICE_X42Y47    design_1_i/ALU_0/U0/a_r_reg[1]/C
High Pulse Width  Slow    FDRE/C   n/a            0.500         4.000       3.500      SLICE_X42Y47    design_1_i/ALU_0/U0/a_r_reg[0]/C
High Pulse Width  Fast    FDRE/C   n/a            0.500         4.000       3.500      SLICE_X42Y47    design_1_i/ALU_0/U0/a_r_reg[0]/C
High Pulse Width  Slow    FDRE/C   n/a            0.500         4.000       3.500      SLICE_X42Y47    design_1_i/ALU_0/U0/a_r_reg[1]/C
High Pulse Width  Fast    FDRE/C   n/a            0.500         4.000       3.500      SLICE_X42Y47    design_1_i/ALU_0/U0/a_r_reg[1]/C
High Pulse Width  Slow    FDRE/C   n/a            0.500         4.000       3.500      SLICE_X42Y47    design_1_i/ALU_0/U0/a_r_reg[2]/C
High Pulse Width  Fast    FDRE/C   n/a            0.500         4.000       3.500      SLICE_X42Y47    design_1_i/ALU_0/U0/a_r_reg[2]/C
High Pulse Width  Slow    FDRE/C   n/a            0.500         4.000       3.500      SLICE_X42Y47    design_1_i/ALU_0/U0/a_r_reg[3]/C
High Pulse Width  Fast    FDRE/C   n/a            0.500         4.000       3.500      SLICE_X42Y47    design_1_i/ALU_0/U0/a_r_reg[3]/C
High Pulse Width  Slow    FDRE/C   n/a            0.500         4.000       3.500      SLICE_X42Y49    design_1_i/ALU_0/U0/b_r_reg[0]/C
High Pulse Width  Fast    FDRE/C   n/a            0.500         4.000       3.500      SLICE_X42Y49    design_1_i/ALU_0/U0/b_r_reg[0]/C



