#-----------------------------------------------------------
# Vivado v2020.1 (64-bit)
# SW Build 2902540 on Wed May 27 19:54:49 MDT 2020
# IP Build 2902112 on Wed May 27 22:43:36 MDT 2020
# Start of session at: Sat Aug 26 12:03:50 2023
# Process ID: 15392
# Current directory: C:/Users/crist/Desktop/SEP/AYUDANTIA/ALU
# Command line: vivado.exe -gui_launcher_event rodinguilauncherevent11260 C:\Users\crist\Desktop\SEP\AYUDANTIA\ALU\ALU.xpr
# Log file: C:/Users/crist/Desktop/SEP/AYUDANTIA/ALU/vivado.log
# Journal file: C:/Users/crist/Desktop/SEP/AYUDANTIA/ALU\vivado.jou
#-----------------------------------------------------------
start_gui
open_project C:/Users/crist/Desktop/SEP/AYUDANTIA/ALU/ALU.xpr
Scanning sources...
Finished scanning sources
INFO: [IP_Flow 19-234] Refreshing IP repositories
INFO: [IP_Flow 19-1704] No user IP repositories specified
INFO: [IP_Flow 19-2313] Loaded Vivado IP repository 'C:/Xilinx/Vivado/2020.1/data/ip'.
open_project: Time (s): cpu = 00:00:06 ; elapsed = 00:00:08 . Memory (MB): peak = 1048.469 ; gain = 0.000
update_compile_order -fileset sources_1
launch_simulation
Command: launch_simulation 
INFO: [Vivado 12-5682] Launching behavioral simulation in 'C:/Users/crist/Desktop/SEP/AYUDANTIA/ALU/ALU.sim/sim_1/behav/xsim'
INFO: [SIM-utils-51] Simulation object is 'sim_1'
INFO: [SIM-utils-54] Inspecting design source files for 'ALU_tb' in fileset 'sim_1'...
INFO: [USF-XSim-97] Finding global include files...
INFO: [USF-XSim-98] Fetching design files from 'sim_1'...
INFO: [USF-XSim-2] XSim::Compile design
INFO: [USF-XSim-61] Executing 'COMPILE and ANALYZE' step in 'C:/Users/crist/Desktop/SEP/AYUDANTIA/ALU/ALU.sim/sim_1/behav/xsim'
"xvhdl --incr --relax -prj ALU_tb_vhdl.prj"
INFO: [USF-XSim-69] 'compile' step finished in '1' seconds
INFO: [USF-XSim-3] XSim::Elaborate design
INFO: [USF-XSim-61] Executing 'ELABORATE' step in 'C:/Users/crist/Desktop/SEP/AYUDANTIA/ALU/ALU.sim/sim_1/behav/xsim'
"xelab -wto 5f000e38109e475b818bad1d36e5f5cb --incr --debug typical --relax --mt 2 -L xil_defaultlib -L secureip --snapshot ALU_tb_behav xil_defaultlib.ALU_tb -log elaborate.log"
Vivado Simulator 2020.1
Copyright 1986-1999, 2001-2020 Xilinx, Inc. All Rights Reserved.
Running: C:/Xilinx/Vivado/2020.1/bin/unwrapped/win64.o/xelab.exe -wto 5f000e38109e475b818bad1d36e5f5cb --incr --debug typical --relax --mt 2 -L xil_defaultlib -L secureip --snapshot ALU_tb_behav xil_defaultlib.ALU_tb -log elaborate.log 
Using 2 slave threads.
Starting static elaboration
Completed static elaboration
INFO: [XSIM 43-4323] No Change in HDL. Linking previously generated obj files to create kernel
INFO: [USF-XSim-69] 'elaborate' step finished in '2' seconds
INFO: [USF-XSim-4] XSim::Simulate design
INFO: [USF-XSim-61] Executing 'SIMULATE' step in 'C:/Users/crist/Desktop/SEP/AYUDANTIA/ALU/ALU.sim/sim_1/behav/xsim'
INFO: [USF-XSim-98] *** Running xsim
   with args "ALU_tb_behav -key {Behavioral:sim_1:Functional:ALU_tb} -tclbatch {ALU_tb.tcl} -log {simulate.log}"
INFO: [USF-XSim-8] Loading simulator feature
Vivado Simulator 2020.1
Time resolution is 1 ps
source ALU_tb.tcl
# set curr_wave [current_wave_config]
# if { [string length $curr_wave] == 0 } {
#   if { [llength [get_objects]] > 0} {
#     add_wave /
#     set_property needs_save false [current_wave_config]
#   } else {
#      send_msg_id Add_Wave-1 WARNING "No top level signals found. Simulator will start without a wave window. If you want to open a wave window go to 'File->New Waveform Configuration' or type 'create_wave_config' in the TCL console."
#   }
# }
# run 1000ns
xsim: Time (s): cpu = 00:00:05 ; elapsed = 00:00:06 . Memory (MB): peak = 1048.469 ; gain = 0.000
INFO: [USF-XSim-96] XSim completed. Design snapshot 'ALU_tb_behav' loaded.
INFO: [USF-XSim-97] XSim simulation ran for 1000ns
launch_simulation: Time (s): cpu = 00:00:06 ; elapsed = 00:00:10 . Memory (MB): peak = 1048.469 ; gain = 0.000
restart
INFO: [Simtcl 6-17] Simulation restarted
run 200 ns
close_sim
INFO: [Simtcl 6-16] Simulation closed
launch_simulation
Command: launch_simulation 
INFO: [Vivado 12-5682] Launching behavioral simulation in 'C:/Users/crist/Desktop/SEP/AYUDANTIA/ALU/ALU.sim/sim_1/behav/xsim'
INFO: [SIM-utils-51] Simulation object is 'sim_1'
INFO: [SIM-utils-54] Inspecting design source files for 'ALU_tb' in fileset 'sim_1'...
INFO: [USF-XSim-97] Finding global include files...
INFO: [USF-XSim-98] Fetching design files from 'sim_1'...
INFO: [USF-XSim-2] XSim::Compile design
INFO: [USF-XSim-61] Executing 'COMPILE and ANALYZE' step in 'C:/Users/crist/Desktop/SEP/AYUDANTIA/ALU/ALU.sim/sim_1/behav/xsim'
"xvhdl --incr --relax -prj ALU_tb_vhdl.prj"
INFO: [VRFC 10-163] Analyzing VHDL file "C:/Users/crist/Desktop/SEP/AYUDANTIA/ALU/ALU.srcs/sources_1/new/ALU.vhd" into library xil_defaultlib
INFO: [VRFC 10-3107] analyzing entity 'ALU'
INFO: [USF-XSim-69] 'compile' step finished in '2' seconds
INFO: [USF-XSim-3] XSim::Elaborate design
INFO: [USF-XSim-61] Executing 'ELABORATE' step in 'C:/Users/crist/Desktop/SEP/AYUDANTIA/ALU/ALU.sim/sim_1/behav/xsim'
"xelab -wto 5f000e38109e475b818bad1d36e5f5cb --incr --debug typical --relax --mt 2 -L xil_defaultlib -L secureip --snapshot ALU_tb_behav xil_defaultlib.ALU_tb -log elaborate.log"
Vivado Simulator 2020.1
Copyright 1986-1999, 2001-2020 Xilinx, Inc. All Rights Reserved.
Running: C:/Xilinx/Vivado/2020.1/bin/unwrapped/win64.o/xelab.exe -wto 5f000e38109e475b818bad1d36e5f5cb --incr --debug typical --relax --mt 2 -L xil_defaultlib -L secureip --snapshot ALU_tb_behav xil_defaultlib.ALU_tb -log elaborate.log 
Using 2 slave threads.
Starting static elaboration
Completed static elaboration
Starting simulation data flow analysis
Completed simulation data flow analysis
Time Resolution for simulation is 1ps
Compiling package std.standard
Compiling package std.textio
Compiling package ieee.std_logic_1164
Compiling package ieee.numeric_std
Compiling package ieee.std_logic_arith
Compiling package ieee.std_logic_unsigned
Compiling architecture behavioral of entity xil_defaultlib.ALU [alu_default]
Compiling architecture bench of entity xil_defaultlib.alu_tb
Built simulation snapshot ALU_tb_behav

****** Webtalk v2020.1 (64-bit)
  **** SW Build 2902540 on Wed May 27 19:54:49 MDT 2020
  **** IP Build 2902112 on Wed May 27 22:43:36 MDT 2020
    ** Copyright 1986-2020 Xilinx, Inc. All Rights Reserved.

source C:/Users/crist/Desktop/SEP/AYUDANTIA/ALU/ALU.sim/sim_1/behav/xsim/xsim.dir/ALU_tb_behav/webtalk/xsim_webtalk.tcl -notrace
INFO: [Common 17-206] Exiting Webtalk at Sat Aug 26 12:15:45 2023...
INFO: [USF-XSim-69] 'elaborate' step finished in '4' seconds
INFO: [USF-XSim-4] XSim::Simulate design
INFO: [USF-XSim-61] Executing 'SIMULATE' step in 'C:/Users/crist/Desktop/SEP/AYUDANTIA/ALU/ALU.sim/sim_1/behav/xsim'
INFO: [USF-XSim-98] *** Running xsim
   with args "ALU_tb_behav -key {Behavioral:sim_1:Functional:ALU_tb} -tclbatch {ALU_tb.tcl} -log {simulate.log}"
INFO: [USF-XSim-8] Loading simulator feature
Vivado Simulator 2020.1
Time resolution is 1 ps
source ALU_tb.tcl
# set curr_wave [current_wave_config]
# if { [string length $curr_wave] == 0 } {
#   if { [llength [get_objects]] > 0} {
#     add_wave /
#     set_property needs_save false [current_wave_config]
#   } else {
#      send_msg_id Add_Wave-1 WARNING "No top level signals found. Simulator will start without a wave window. If you want to open a wave window go to 'File->New Waveform Configuration' or type 'create_wave_config' in the TCL console."
#   }
# }
# run 1000ns
INFO: [USF-XSim-96] XSim completed. Design snapshot 'ALU_tb_behav' loaded.
INFO: [USF-XSim-97] XSim simulation ran for 1000ns
launch_simulation: Time (s): cpu = 00:00:02 ; elapsed = 00:00:08 . Memory (MB): peak = 1048.469 ; gain = 0.000
restart
INFO: [Simtcl 6-17] Simulation restarted
run 200 ns
restart
INFO: [Simtcl 6-17] Simulation restarted
run 200 ns
close_sim
INFO: [Simtcl 6-16] Simulation closed
launch_simulation
Command: launch_simulation 
INFO: [Vivado 12-5682] Launching behavioral simulation in 'C:/Users/crist/Desktop/SEP/AYUDANTIA/ALU/ALU.sim/sim_1/behav/xsim'
INFO: [SIM-utils-51] Simulation object is 'sim_1'
INFO: [SIM-utils-54] Inspecting design source files for 'ALU_tb' in fileset 'sim_1'...
INFO: [USF-XSim-97] Finding global include files...
INFO: [USF-XSim-98] Fetching design files from 'sim_1'...
INFO: [USF-XSim-2] XSim::Compile design
INFO: [USF-XSim-61] Executing 'COMPILE and ANALYZE' step in 'C:/Users/crist/Desktop/SEP/AYUDANTIA/ALU/ALU.sim/sim_1/behav/xsim'
"xvhdl --incr --relax -prj ALU_tb_vhdl.prj"
INFO: [VRFC 10-163] Analyzing VHDL file "C:/Users/crist/Desktop/SEP/AYUDANTIA/ALU/ALU.srcs/sim_1/new/ALU_tb.vhd" into library xil_defaultlib
INFO: [VRFC 10-3107] analyzing entity 'ALU_tb'
INFO: [USF-XSim-69] 'compile' step finished in '1' seconds
INFO: [USF-XSim-3] XSim::Elaborate design
INFO: [USF-XSim-61] Executing 'ELABORATE' step in 'C:/Users/crist/Desktop/SEP/AYUDANTIA/ALU/ALU.sim/sim_1/behav/xsim'
"xelab -wto 5f000e38109e475b818bad1d36e5f5cb --incr --debug typical --relax --mt 2 -L xil_defaultlib -L secureip --snapshot ALU_tb_behav xil_defaultlib.ALU_tb -log elaborate.log"
Vivado Simulator 2020.1
Copyright 1986-1999, 2001-2020 Xilinx, Inc. All Rights Reserved.
Running: C:/Xilinx/Vivado/2020.1/bin/unwrapped/win64.o/xelab.exe -wto 5f000e38109e475b818bad1d36e5f5cb --incr --debug typical --relax --mt 2 -L xil_defaultlib -L secureip --snapshot ALU_tb_behav xil_defaultlib.ALU_tb -log elaborate.log 
Using 2 slave threads.
Starting static elaboration
Completed static elaboration
Starting simulation data flow analysis
Completed simulation data flow analysis
Time Resolution for simulation is 1ps
Compiling package std.standard
Compiling package std.textio
Compiling package ieee.std_logic_1164
Compiling package ieee.numeric_std
Compiling package ieee.std_logic_arith
Compiling package ieee.std_logic_unsigned
Compiling architecture behavioral of entity xil_defaultlib.ALU [alu_default]
Compiling architecture bench of entity xil_defaultlib.alu_tb
Built simulation snapshot ALU_tb_behav
INFO: [USF-XSim-69] 'elaborate' step finished in '2' seconds
INFO: [USF-XSim-4] XSim::Simulate design
INFO: [USF-XSim-61] Executing 'SIMULATE' step in 'C:/Users/crist/Desktop/SEP/AYUDANTIA/ALU/ALU.sim/sim_1/behav/xsim'
INFO: [USF-XSim-98] *** Running xsim
   with args "ALU_tb_behav -key {Behavioral:sim_1:Functional:ALU_tb} -tclbatch {ALU_tb.tcl} -log {simulate.log}"
INFO: [USF-XSim-8] Loading simulator feature
Vivado Simulator 2020.1
Time resolution is 1 ps
source ALU_tb.tcl
# set curr_wave [current_wave_config]
# if { [string length $curr_wave] == 0 } {
#   if { [llength [get_objects]] > 0} {
#     add_wave /
#     set_property needs_save false [current_wave_config]
#   } else {
#      send_msg_id Add_Wave-1 WARNING "No top level signals found. Simulator will start without a wave window. If you want to open a wave window go to 'File->New Waveform Configuration' or type 'create_wave_config' in the TCL console."
#   }
# }
# run 1000ns
INFO: [USF-XSim-96] XSim completed. Design snapshot 'ALU_tb_behav' loaded.
INFO: [USF-XSim-97] XSim simulation ran for 1000ns
launch_simulation: Time (s): cpu = 00:00:01 ; elapsed = 00:00:06 . Memory (MB): peak = 1048.469 ; gain = 0.000
restart
INFO: [Simtcl 6-17] Simulation restarted
run 200 ns
close_sim
INFO: [Simtcl 6-16] Simulation closed
launch_simulation
Command: launch_simulation 
INFO: [Vivado 12-5682] Launching behavioral simulation in 'C:/Users/crist/Desktop/SEP/AYUDANTIA/ALU/ALU.sim/sim_1/behav/xsim'
INFO: [SIM-utils-51] Simulation object is 'sim_1'
INFO: [SIM-utils-54] Inspecting design source files for 'ALU_tb' in fileset 'sim_1'...
INFO: [USF-XSim-97] Finding global include files...
INFO: [USF-XSim-98] Fetching design files from 'sim_1'...
INFO: [USF-XSim-2] XSim::Compile design
INFO: [USF-XSim-61] Executing 'COMPILE and ANALYZE' step in 'C:/Users/crist/Desktop/SEP/AYUDANTIA/ALU/ALU.sim/sim_1/behav/xsim'
"xvhdl --incr --relax -prj ALU_tb_vhdl.prj"
INFO: [VRFC 10-163] Analyzing VHDL file "C:/Users/crist/Desktop/SEP/AYUDANTIA/ALU/ALU.srcs/sources_1/new/ALU.vhd" into library xil_defaultlib
INFO: [VRFC 10-3107] analyzing entity 'ALU'
INFO: [USF-XSim-69] 'compile' step finished in '1' seconds
INFO: [USF-XSim-3] XSim::Elaborate design
INFO: [USF-XSim-61] Executing 'ELABORATE' step in 'C:/Users/crist/Desktop/SEP/AYUDANTIA/ALU/ALU.sim/sim_1/behav/xsim'
"xelab -wto 5f000e38109e475b818bad1d36e5f5cb --incr --debug typical --relax --mt 2 -L xil_defaultlib -L secureip --snapshot ALU_tb_behav xil_defaultlib.ALU_tb -log elaborate.log"
Vivado Simulator 2020.1
Copyright 1986-1999, 2001-2020 Xilinx, Inc. All Rights Reserved.
Running: C:/Xilinx/Vivado/2020.1/bin/unwrapped/win64.o/xelab.exe -wto 5f000e38109e475b818bad1d36e5f5cb --incr --debug typical --relax --mt 2 -L xil_defaultlib -L secureip --snapshot ALU_tb_behav xil_defaultlib.ALU_tb -log elaborate.log 
Using 2 slave threads.
Starting static elaboration
Completed static elaboration
Starting simulation data flow analysis
Completed simulation data flow analysis
Time Resolution for simulation is 1ps
Compiling package std.standard
Compiling package std.textio
Compiling package ieee.std_logic_1164
Compiling package ieee.numeric_std
Compiling package ieee.std_logic_arith
Compiling package ieee.std_logic_unsigned
Compiling architecture behavioral of entity xil_defaultlib.ALU [alu_default]
Compiling architecture bench of entity xil_defaultlib.alu_tb
Built simulation snapshot ALU_tb_behav
INFO: [USF-XSim-69] 'elaborate' step finished in '2' seconds
INFO: [USF-XSim-4] XSim::Simulate design
INFO: [USF-XSim-61] Executing 'SIMULATE' step in 'C:/Users/crist/Desktop/SEP/AYUDANTIA/ALU/ALU.sim/sim_1/behav/xsim'
INFO: [USF-XSim-98] *** Running xsim
   with args "ALU_tb_behav -key {Behavioral:sim_1:Functional:ALU_tb} -tclbatch {ALU_tb.tcl} -log {simulate.log}"
INFO: [USF-XSim-8] Loading simulator feature
Vivado Simulator 2020.1
Time resolution is 1 ps
source ALU_tb.tcl
# set curr_wave [current_wave_config]
# if { [string length $curr_wave] == 0 } {
#   if { [llength [get_objects]] > 0} {
#     add_wave /
#     set_property needs_save false [current_wave_config]
#   } else {
#      send_msg_id Add_Wave-1 WARNING "No top level signals found. Simulator will start without a wave window. If you want to open a wave window go to 'File->New Waveform Configuration' or type 'create_wave_config' in the TCL console."
#   }
# }
# run 1000ns
INFO: [USF-XSim-96] XSim completed. Design snapshot 'ALU_tb_behav' loaded.
INFO: [USF-XSim-97] XSim simulation ran for 1000ns
launch_simulation: Time (s): cpu = 00:00:01 ; elapsed = 00:00:07 . Memory (MB): peak = 1048.469 ; gain = 0.000
restart
INFO: [Simtcl 6-17] Simulation restarted
run 200 ns
close_sim
INFO: [Simtcl 6-16] Simulation closed
launch_simulation
Command: launch_simulation 
INFO: [Vivado 12-5682] Launching behavioral simulation in 'C:/Users/crist/Desktop/SEP/AYUDANTIA/ALU/ALU.sim/sim_1/behav/xsim'
INFO: [SIM-utils-51] Simulation object is 'sim_1'
INFO: [SIM-utils-54] Inspecting design source files for 'ALU_tb' in fileset 'sim_1'...
INFO: [USF-XSim-97] Finding global include files...
INFO: [USF-XSim-98] Fetching design files from 'sim_1'...
INFO: [USF-XSim-2] XSim::Compile design
INFO: [USF-XSim-61] Executing 'COMPILE and ANALYZE' step in 'C:/Users/crist/Desktop/SEP/AYUDANTIA/ALU/ALU.sim/sim_1/behav/xsim'
"xvhdl --incr --relax -prj ALU_tb_vhdl.prj"
INFO: [VRFC 10-163] Analyzing VHDL file "C:/Users/crist/Desktop/SEP/AYUDANTIA/ALU/ALU.srcs/sim_1/new/ALU_tb.vhd" into library xil_defaultlib
INFO: [VRFC 10-3107] analyzing entity 'ALU_tb'
INFO: [USF-XSim-69] 'compile' step finished in '2' seconds
INFO: [USF-XSim-3] XSim::Elaborate design
INFO: [USF-XSim-61] Executing 'ELABORATE' step in 'C:/Users/crist/Desktop/SEP/AYUDANTIA/ALU/ALU.sim/sim_1/behav/xsim'
"xelab -wto 5f000e38109e475b818bad1d36e5f5cb --incr --debug typical --relax --mt 2 -L xil_defaultlib -L secureip --snapshot ALU_tb_behav xil_defaultlib.ALU_tb -log elaborate.log"
Vivado Simulator 2020.1
Copyright 1986-1999, 2001-2020 Xilinx, Inc. All Rights Reserved.
Running: C:/Xilinx/Vivado/2020.1/bin/unwrapped/win64.o/xelab.exe -wto 5f000e38109e475b818bad1d36e5f5cb --incr --debug typical --relax --mt 2 -L xil_defaultlib -L secureip --snapshot ALU_tb_behav xil_defaultlib.ALU_tb -log elaborate.log 
Using 2 slave threads.
Starting static elaboration
Completed static elaboration
Starting simulation data flow analysis
Completed simulation data flow analysis
Time Resolution for simulation is 1ps
Compiling package std.standard
Compiling package std.textio
Compiling package ieee.std_logic_1164
Compiling package ieee.numeric_std
Compiling package ieee.std_logic_arith
Compiling package ieee.std_logic_unsigned
Compiling architecture behavioral of entity xil_defaultlib.ALU [alu_default]
Compiling architecture bench of entity xil_defaultlib.alu_tb
Built simulation snapshot ALU_tb_behav
INFO: [USF-XSim-69] 'elaborate' step finished in '3' seconds
INFO: [USF-XSim-4] XSim::Simulate design
INFO: [USF-XSim-61] Executing 'SIMULATE' step in 'C:/Users/crist/Desktop/SEP/AYUDANTIA/ALU/ALU.sim/sim_1/behav/xsim'
INFO: [USF-XSim-98] *** Running xsim
   with args "ALU_tb_behav -key {Behavioral:sim_1:Functional:ALU_tb} -tclbatch {ALU_tb.tcl} -log {simulate.log}"
INFO: [USF-XSim-8] Loading simulator feature
Vivado Simulator 2020.1
Time resolution is 1 ps
source ALU_tb.tcl
# set curr_wave [current_wave_config]
# if { [string length $curr_wave] == 0 } {
#   if { [llength [get_objects]] > 0} {
#     add_wave /
#     set_property needs_save false [current_wave_config]
#   } else {
#      send_msg_id Add_Wave-1 WARNING "No top level signals found. Simulator will start without a wave window. If you want to open a wave window go to 'File->New Waveform Configuration' or type 'create_wave_config' in the TCL console."
#   }
# }
# run 1000ns
INFO: [USF-XSim-96] XSim completed. Design snapshot 'ALU_tb_behav' loaded.
INFO: [USF-XSim-97] XSim simulation ran for 1000ns
launch_simulation: Time (s): cpu = 00:00:01 ; elapsed = 00:00:07 . Memory (MB): peak = 1048.469 ; gain = 0.000
restart
INFO: [Simtcl 6-17] Simulation restarted
run 200 ns
close_sim
INFO: [Simtcl 6-16] Simulation closed
launch_simulation
Command: launch_simulation 
INFO: [Vivado 12-5682] Launching behavioral simulation in 'C:/Users/crist/Desktop/SEP/AYUDANTIA/ALU/ALU.sim/sim_1/behav/xsim'
INFO: [SIM-utils-51] Simulation object is 'sim_1'
INFO: [SIM-utils-54] Inspecting design source files for 'ALU_tb' in fileset 'sim_1'...
INFO: [USF-XSim-97] Finding global include files...
INFO: [USF-XSim-98] Fetching design files from 'sim_1'...
INFO: [USF-XSim-2] XSim::Compile design
INFO: [USF-XSim-61] Executing 'COMPILE and ANALYZE' step in 'C:/Users/crist/Desktop/SEP/AYUDANTIA/ALU/ALU.sim/sim_1/behav/xsim'
"xvhdl --incr --relax -prj ALU_tb_vhdl.prj"
INFO: [VRFC 10-163] Analyzing VHDL file "C:/Users/crist/Desktop/SEP/AYUDANTIA/ALU/ALU.srcs/sources_1/new/ALU.vhd" into library xil_defaultlib
INFO: [VRFC 10-3107] analyzing entity 'ALU'
INFO: [VRFC 10-163] Analyzing VHDL file "C:/Users/crist/Desktop/SEP/AYUDANTIA/ALU/ALU.srcs/sim_1/new/ALU_tb.vhd" into library xil_defaultlib
INFO: [VRFC 10-3107] analyzing entity 'ALU_tb'
INFO: [USF-XSim-69] 'compile' step finished in '2' seconds
INFO: [USF-XSim-3] XSim::Elaborate design
INFO: [USF-XSim-61] Executing 'ELABORATE' step in 'C:/Users/crist/Desktop/SEP/AYUDANTIA/ALU/ALU.sim/sim_1/behav/xsim'
"xelab -wto 5f000e38109e475b818bad1d36e5f5cb --incr --debug typical --relax --mt 2 -L xil_defaultlib -L secureip --snapshot ALU_tb_behav xil_defaultlib.ALU_tb -log elaborate.log"
Vivado Simulator 2020.1
Copyright 1986-1999, 2001-2020 Xilinx, Inc. All Rights Reserved.
Running: C:/Xilinx/Vivado/2020.1/bin/unwrapped/win64.o/xelab.exe -wto 5f000e38109e475b818bad1d36e5f5cb --incr --debug typical --relax --mt 2 -L xil_defaultlib -L secureip --snapshot ALU_tb_behav xil_defaultlib.ALU_tb -log elaborate.log 
Using 2 slave threads.
Starting static elaboration
Completed static elaboration
Starting simulation data flow analysis
Completed simulation data flow analysis
Time Resolution for simulation is 1ps
Compiling package std.standard
Compiling package std.textio
Compiling package ieee.std_logic_1164
Compiling package ieee.numeric_std
Compiling package ieee.std_logic_arith
Compiling package ieee.std_logic_unsigned
Compiling architecture behavioral of entity xil_defaultlib.ALU [alu_default]
Compiling architecture bench of entity xil_defaultlib.alu_tb
Built simulation snapshot ALU_tb_behav
INFO: [USF-XSim-69] 'elaborate' step finished in '1' seconds
INFO: [USF-XSim-4] XSim::Simulate design
INFO: [USF-XSim-61] Executing 'SIMULATE' step in 'C:/Users/crist/Desktop/SEP/AYUDANTIA/ALU/ALU.sim/sim_1/behav/xsim'
INFO: [USF-XSim-98] *** Running xsim
   with args "ALU_tb_behav -key {Behavioral:sim_1:Functional:ALU_tb} -tclbatch {ALU_tb.tcl} -log {simulate.log}"
INFO: [USF-XSim-8] Loading simulator feature
Vivado Simulator 2020.1
Time resolution is 1 ps
source ALU_tb.tcl
# set curr_wave [current_wave_config]
# if { [string length $curr_wave] == 0 } {
#   if { [llength [get_objects]] > 0} {
#     add_wave /
#     set_property needs_save false [current_wave_config]
#   } else {
#      send_msg_id Add_Wave-1 WARNING "No top level signals found. Simulator will start without a wave window. If you want to open a wave window go to 'File->New Waveform Configuration' or type 'create_wave_config' in the TCL console."
#   }
# }
# run 1000ns
INFO: [USF-XSim-96] XSim completed. Design snapshot 'ALU_tb_behav' loaded.
INFO: [USF-XSim-97] XSim simulation ran for 1000ns
launch_simulation: Time (s): cpu = 00:00:01 ; elapsed = 00:00:06 . Memory (MB): peak = 1048.469 ; gain = 0.000
restart
INFO: [Simtcl 6-17] Simulation restarted
run 200 ns
restart
INFO: [Simtcl 6-17] Simulation restarted
run 200 ns
add_files -fileset constrs_1 -norecurse C:/Users/crist/Downloads/Zybo-Z7-Master.xdc
import_files -fileset constrs_1 C:/Users/crist/Downloads/Zybo-Z7-Master.xdc
launch_runs impl_1 -to_step write_bitstream -jobs 6
[Sat Aug 26 15:34:34 2023] Launched synth_1...
Run output will be captured here: C:/Users/crist/Desktop/SEP/AYUDANTIA/ALU/ALU.runs/synth_1/runme.log
[Sat Aug 26 15:34:34 2023] Launched impl_1...
Run output will be captured here: C:/Users/crist/Desktop/SEP/AYUDANTIA/ALU/ALU.runs/impl_1/runme.log
reset_run synth_1
WARNING: [Vivado 12-1017] Problems encountered:
1. Failed to delete one or more files in run directory C:/Users/crist/Desktop/SEP/AYUDANTIA/ALU/ALU.runs/synth_1

launch_runs impl_1 -to_step write_bitstream -jobs 6
[Sat Aug 26 15:37:30 2023] Launched synth_1...
Run output will be captured here: C:/Users/crist/Desktop/SEP/AYUDANTIA/ALU/ALU.runs/synth_1/runme.log
[Sat Aug 26 15:37:30 2023] Launched impl_1...
Run output will be captured here: C:/Users/crist/Desktop/SEP/AYUDANTIA/ALU/ALU.runs/impl_1/runme.log
reset_run synth_1
launch_runs impl_1 -to_step write_bitstream -jobs 6
[Sat Aug 26 15:43:34 2023] Launched synth_1...
Run output will be captured here: C:/Users/crist/Desktop/SEP/AYUDANTIA/ALU/ALU.runs/synth_1/runme.log
[Sat Aug 26 15:43:34 2023] Launched impl_1...
Run output will be captured here: C:/Users/crist/Desktop/SEP/AYUDANTIA/ALU/ALU.runs/impl_1/runme.log
reset_run synth_1
launch_runs impl_1 -to_step write_bitstream -jobs 6
[Sat Aug 26 15:45:14 2023] Launched synth_1...
Run output will be captured here: C:/Users/crist/Desktop/SEP/AYUDANTIA/ALU/ALU.runs/synth_1/runme.log
[Sat Aug 26 15:45:14 2023] Launched impl_1...
Run output will be captured here: C:/Users/crist/Desktop/SEP/AYUDANTIA/ALU/ALU.runs/impl_1/runme.log
open_hw_manager
connect_hw_server -allow_non_jtag
INFO: [Labtools 27-2285] Connecting to hw_server url TCP:localhost:3121
INFO: [Labtools 27-2222] Launching hw_server...
INFO: [Labtools 27-2221] Launch Output:

****** Xilinx hw_server v2020.1
  **** Build date : May 27 2020 at 20:24:38
    ** Copyright 1986-2020 Xilinx, Inc. All Rights Reserved.


INFO: [Labtools 27-3415] Connecting to cs_server url TCP:localhost:3042
INFO: [Labtools 27-3417] Launching cs_server...
INFO: [Labtools 27-2221] Launch Output:


****** Xilinx cs_server v2020.1.0
  **** Build date : May 13 2020-21:10:29
    ** Copyright 2017-2020 Xilinx, Inc. All Rights Reserved.



connect_hw_server: Time (s): cpu = 00:00:00 ; elapsed = 00:00:08 . Memory (MB): peak = 1155.195 ; gain = 2.156
open_hw_target
INFO: [Labtoolstcl 44-466] Opening hw_target localhost:3121/xilinx_tcf/Digilent/210351B3FB94A
open_hw_target: Time (s): cpu = 00:00:06 ; elapsed = 00:00:08 . Memory (MB): peak = 2476.711 ; gain = 1321.516
set_property PROGRAM.FILE {C:/Users/crist/Desktop/SEP/AYUDANTIA/ALU/ALU.runs/impl_1/ALU.bit} [get_hw_devices xc7z010_1]
current_hw_device [get_hw_devices xc7z010_1]
refresh_hw_device -update_hw_probes false [lindex [get_hw_devices xc7z010_1] 0]
INFO: [Labtools 27-1435] Device xc7z010 (JTAG device index = 1) is not programmed (DONE status = 0).
set_property PROBES.FILE {} [get_hw_devices xc7z010_1]
set_property FULL_PROBES.FILE {} [get_hw_devices xc7z010_1]
set_property PROGRAM.FILE {C:/Users/crist/Desktop/SEP/AYUDANTIA/ALU/ALU.runs/impl_1/ALU.bit} [get_hw_devices xc7z010_1]
program_hw_devices [get_hw_devices xc7z010_1]
INFO: [Labtools 27-3164] End of startup status: HIGH
refresh_hw_device [lindex [get_hw_devices xc7z010_1] 0]
INFO: [Labtools 27-1434] Device xc7z010 (JTAG device index = 1) is programmed with a design that has no supported debug core(s) in it.
ERROR: [Labtoolstcl 44-513] HW Target shutdown. Closing target: localhost:3121/xilinx_tcf/Digilent/210351B3FB94A
undo
INFO: [Common 17-17] undo 'set_property PROGRAM.FILE {C:/Users/crist/Desktop/SEP/AYUDANTIA/ALU/ALU.runs/impl_1/ALU.bit} [get_hw_devices xc7z010_1]'
undo
INFO: [Common 17-17] undo 'set_property FULL_PROBES.FILE {} [get_hw_devices xc7z010_1]'
undo
INFO: [Common 17-17] undo 'set_property PROBES.FILE {} [get_hw_devices xc7z010_1]'
undo
INFO: [Common 17-17] undo 'set_property PROGRAM.FILE {C:/Users/crist/Desktop/SEP/AYUDANTIA/ALU/ALU.runs/impl_1/ALU.bit} [get_hw_devices xc7z010_1]'
close_hw_manager
WARNING: [Board 49-26] cannot add Board Part digilentinc.com:arty-a7-100:part0:1.0 available at C:/Xilinx/Vivado/2020.1/data/boards/board_files/arty-a7-100/E.0/1.0/board.xml as part xc7a100tcsg324-1 specified in board_part file is either invalid or not available
WARNING: [Board 49-26] cannot add Board Part digilentinc.com:arty-a7-100:part0:1.1 available at C:/Xilinx/Vivado/2020.1/data/boards/board_files/arty-a7-100/E.0/1.1/board.xml as part xc7a100tcsg324-1 specified in board_part file is either invalid or not available
WARNING: [Board 49-26] cannot add Board Part digilentinc.com:arty-a7-35:part0:1.0 available at C:/Xilinx/Vivado/2020.1/data/boards/board_files/arty-a7-35/E.0/1.0/board.xml as part xc7a35ticsg324-1l specified in board_part file is either invalid or not available
WARNING: [Board 49-26] cannot add Board Part digilentinc.com:arty-a7-35:part0:1.1 available at C:/Xilinx/Vivado/2020.1/data/boards/board_files/arty-a7-35/E.0/1.1/board.xml as part xc7a35ticsg324-1l specified in board_part file is either invalid or not available
WARNING: [Board 49-26] cannot add Board Part digilentinc.com:arty-s7-25:part0:1.1 available at C:/Xilinx/Vivado/2020.1/data/boards/board_files/arty-s7-25/E.0/board.xml as part xc7s25csga324-1 specified in board_part file is either invalid or not available
WARNING: [Board 49-26] cannot add Board Part digilentinc.com:arty-s7-50:part0:1.1 available at C:/Xilinx/Vivado/2020.1/data/boards/board_files/arty-s7-50/B.0/board.xml as part xc7s50csga324-1 specified in board_part file is either invalid or not available
WARNING: [Board 49-26] cannot add Board Part digilentinc.com:arty:part0:1.1 available at C:/Xilinx/Vivado/2020.1/data/boards/board_files/arty/C.0/board.xml as part xc7a35ticsg324-1l specified in board_part file is either invalid or not available
WARNING: [Board 49-26] cannot add Board Part digilentinc.com:basys3:part0:1.2 available at C:/Xilinx/Vivado/2020.1/data/boards/board_files/basys3/C.0/board.xml as part xc7a35tcpg236-1 specified in board_part file is either invalid or not available
WARNING: [Board 49-26] cannot add Board Part digilentinc.com:cmod-s7-25:part0:1.0 available at C:/Xilinx/Vivado/2020.1/data/boards/board_files/cmod-s7-25/B.0/board.xml as part xc7s25csga225-1 specified in board_part file is either invalid or not available
WARNING: [Board 49-26] cannot add Board Part digilentinc.com:cmod_a7-15t:part0:1.2 available at C:/Xilinx/Vivado/2020.1/data/boards/board_files/cmod_a7-15t/B.0/board.xml as part xc7a15tcpg236-1 specified in board_part file is either invalid or not available
WARNING: [Board 49-26] cannot add Board Part digilentinc.com:cmod_a7-35t:part0:1.2 available at C:/Xilinx/Vivado/2020.1/data/boards/board_files/cmod_a7-35t/B.0/board.xml as part xc7a35tcpg236-1 specified in board_part file is either invalid or not available
WARNING: [Board 49-26] cannot add Board Part digilentinc.com:genesys2:part0:1.1 available at C:/Xilinx/Vivado/2020.1/data/boards/board_files/genesys2/H/board.xml as part xc7k325tffg900-2 specified in board_part file is either invalid or not available
WARNING: [Board 49-26] cannot add Board Part digilentinc.com:nexys-a7-100t:part0:1.0 available at C:/Xilinx/Vivado/2020.1/data/boards/board_files/nexys-a7-100t/D.0/1.0/board.xml as part xc7a100tcsg324-1 specified in board_part file is either invalid or not available
WARNING: [Board 49-26] cannot add Board Part digilentinc.com:nexys-a7-100t:part0:1.3 available at C:/Xilinx/Vivado/2020.1/data/boards/board_files/nexys-a7-100t/D.0/1.3/board.xml as part xc7a100tcsg324-1 specified in board_part file is either invalid or not available
WARNING: [Board 49-26] cannot add Board Part digilentinc.com:nexys-a7-50t:part0:1.0 available at C:/Xilinx/Vivado/2020.1/data/boards/board_files/nexys-a7-50t/D.0/1.0/board.xml as part xc7a50ticsg324-1l specified in board_part file is either invalid or not available
WARNING: [Board 49-26] cannot add Board Part digilentinc.com:nexys-a7-50t:part0:1.3 available at C:/Xilinx/Vivado/2020.1/data/boards/board_files/nexys-a7-50t/D.0/1.3/board.xml as part xc7a50ticsg324-1l specified in board_part file is either invalid or not available
WARNING: [Board 49-26] cannot add Board Part digilentinc.com:nexys4:part0:1.1 available at C:/Xilinx/Vivado/2020.1/data/boards/board_files/nexys4/B.1/board.xml as part xc7a100tcsg324-1 specified in board_part file is either invalid or not available
WARNING: [Board 49-26] cannot add Board Part digilentinc.com:nexys4_ddr:part0:1.1 available at C:/Xilinx/Vivado/2020.1/data/boards/board_files/nexys4_ddr/C.1/board.xml as part xc7a100tcsg324-1 specified in board_part file is either invalid or not available
WARNING: [Board 49-26] cannot add Board Part digilentinc.com:nexys_video:part0:1.1 available at C:/Xilinx/Vivado/2020.1/data/boards/board_files/nexys_video/A.0/1.1/board.xml as part xc7a200tsbg484-1 specified in board_part file is either invalid or not available
WARNING: [Board 49-26] cannot add Board Part digilentinc.com:nexys_video:part0:1.2 available at C:/Xilinx/Vivado/2020.1/data/boards/board_files/nexys_video/A.0/1.2/board.xml as part xc7a200tsbg484-1 specified in board_part file is either invalid or not available
WARNING: [Board 49-26] cannot add Board Part digilentinc.com:sword:part0:1.0 available at C:/Xilinx/Vivado/2020.1/data/boards/board_files/sword/C.0/board.xml as part xc7k325tffg900-2 specified in board_part file is either invalid or not available
WARNING: [Board 49-26] cannot add Board Part digilentinc.com:usb104-a7:part0:1.0 available at C:/Xilinx/Vivado/2020.1/data/boards/board_files/usb104-a7/B/1.0/board.xml as part xc7a100tcsg324-1 specified in board_part file is either invalid or not available
WARNING: [Board 49-26] cannot add Board Part digilentinc.com:usb104-a7:part0:1.1 available at C:/Xilinx/Vivado/2020.1/data/boards/board_files/usb104-a7/B/1.1/board.xml as part xc7a100tcsg324-1 specified in board_part file is either invalid or not available
WARNING: [Board 49-26] cannot add Board Part digilentinc.com:usb104-a7:part0:1.2 available at C:/Xilinx/Vivado/2020.1/data/boards/board_files/usb104-a7/B/1.2/board.xml as part xc7a100tcsg324-1 specified in board_part file is either invalid or not available
WARNING: [Board 49-26] cannot add Board Part digilentinc.com:usb104-a7:part0:1.3 available at C:/Xilinx/Vivado/2020.1/data/boards/board_files/usb104-a7/B/1.3/board.xml as part xc7a100tcsg324-1 specified in board_part file is either invalid or not available
WARNING: [Board 49-26] cannot add Board Part xilinx.com:kcu1500:part0:1.0 available at C:/Xilinx/Vivado/2020.1/data/boards/board_files/kcu1500/1.0/board.xml as part xcku115-flvb2104-2-e specified in board_part file is either invalid or not available
WARNING: [Board 49-26] cannot add Board Part xilinx.com:kcu1500:part0:1.1 available at C:/Xilinx/Vivado/2020.1/data/boards/board_files/kcu1500/1.1/board.xml as part xcku115-flvb2104-2-e specified in board_part file is either invalid or not available
WARNING: [Board 49-26] cannot add Board Part xilinx.com:kcu1500:part0:1.2 available at C:/Xilinx/Vivado/2020.1/data/boards/board_files/kcu1500/1.2/board.xml as part xcku115-flvb2104-2-e specified in board_part file is either invalid or not available
WARNING: [Board 49-26] cannot add Board Part digilentinc.com:arty-a7-100:part0:1.0 available at C:/Xilinx/Vivado/2020.1/data/boards/board_files/arty-a7-100/E.0/1.0/board.xml as part xc7a100tcsg324-1 specified in board_part file is either invalid or not available
WARNING: [Board 49-26] cannot add Board Part digilentinc.com:arty-a7-100:part0:1.1 available at C:/Xilinx/Vivado/2020.1/data/boards/board_files/arty-a7-100/E.0/1.1/board.xml as part xc7a100tcsg324-1 specified in board_part file is either invalid or not available
WARNING: [Board 49-26] cannot add Board Part digilentinc.com:arty-a7-35:part0:1.0 available at C:/Xilinx/Vivado/2020.1/data/boards/board_files/arty-a7-35/E.0/1.0/board.xml as part xc7a35ticsg324-1l specified in board_part file is either invalid or not available
WARNING: [Board 49-26] cannot add Board Part digilentinc.com:arty-a7-35:part0:1.1 available at C:/Xilinx/Vivado/2020.1/data/boards/board_files/arty-a7-35/E.0/1.1/board.xml as part xc7a35ticsg324-1l specified in board_part file is either invalid or not available
WARNING: [Board 49-26] cannot add Board Part digilentinc.com:arty-s7-25:part0:1.1 available at C:/Xilinx/Vivado/2020.1/data/boards/board_files/arty-s7-25/E.0/board.xml as part xc7s25csga324-1 specified in board_part file is either invalid or not available
WARNING: [Board 49-26] cannot add Board Part digilentinc.com:arty-s7-50:part0:1.1 available at C:/Xilinx/Vivado/2020.1/data/boards/board_files/arty-s7-50/B.0/board.xml as part xc7s50csga324-1 specified in board_part file is either invalid or not available
WARNING: [Board 49-26] cannot add Board Part digilentinc.com:arty:part0:1.1 available at C:/Xilinx/Vivado/2020.1/data/boards/board_files/arty/C.0/board.xml as part xc7a35ticsg324-1l specified in board_part file is either invalid or not available
WARNING: [Board 49-26] cannot add Board Part digilentinc.com:basys3:part0:1.2 available at C:/Xilinx/Vivado/2020.1/data/boards/board_files/basys3/C.0/board.xml as part xc7a35tcpg236-1 specified in board_part file is either invalid or not available
WARNING: [Board 49-26] cannot add Board Part digilentinc.com:cmod-s7-25:part0:1.0 available at C:/Xilinx/Vivado/2020.1/data/boards/board_files/cmod-s7-25/B.0/board.xml as part xc7s25csga225-1 specified in board_part file is either invalid or not available
WARNING: [Board 49-26] cannot add Board Part digilentinc.com:cmod_a7-15t:part0:1.2 available at C:/Xilinx/Vivado/2020.1/data/boards/board_files/cmod_a7-15t/B.0/board.xml as part xc7a15tcpg236-1 specified in board_part file is either invalid or not available
WARNING: [Board 49-26] cannot add Board Part digilentinc.com:cmod_a7-35t:part0:1.2 available at C:/Xilinx/Vivado/2020.1/data/boards/board_files/cmod_a7-35t/B.0/board.xml as part xc7a35tcpg236-1 specified in board_part file is either invalid or not available
WARNING: [Board 49-26] cannot add Board Part digilentinc.com:genesys2:part0:1.1 available at C:/Xilinx/Vivado/2020.1/data/boards/board_files/genesys2/H/board.xml as part xc7k325tffg900-2 specified in board_part file is either invalid or not available
WARNING: [Board 49-26] cannot add Board Part digilentinc.com:nexys-a7-100t:part0:1.0 available at C:/Xilinx/Vivado/2020.1/data/boards/board_files/nexys-a7-100t/D.0/1.0/board.xml as part xc7a100tcsg324-1 specified in board_part file is either invalid or not available
WARNING: [Board 49-26] cannot add Board Part digilentinc.com:nexys-a7-100t:part0:1.3 available at C:/Xilinx/Vivado/2020.1/data/boards/board_files/nexys-a7-100t/D.0/1.3/board.xml as part xc7a100tcsg324-1 specified in board_part file is either invalid or not available
WARNING: [Board 49-26] cannot add Board Part digilentinc.com:nexys-a7-50t:part0:1.0 available at C:/Xilinx/Vivado/2020.1/data/boards/board_files/nexys-a7-50t/D.0/1.0/board.xml as part xc7a50ticsg324-1l specified in board_part file is either invalid or not available
WARNING: [Board 49-26] cannot add Board Part digilentinc.com:nexys-a7-50t:part0:1.3 available at C:/Xilinx/Vivado/2020.1/data/boards/board_files/nexys-a7-50t/D.0/1.3/board.xml as part xc7a50ticsg324-1l specified in board_part file is either invalid or not available
WARNING: [Board 49-26] cannot add Board Part digilentinc.com:nexys4:part0:1.1 available at C:/Xilinx/Vivado/2020.1/data/boards/board_files/nexys4/B.1/board.xml as part xc7a100tcsg324-1 specified in board_part file is either invalid or not available
WARNING: [Board 49-26] cannot add Board Part digilentinc.com:nexys4_ddr:part0:1.1 available at C:/Xilinx/Vivado/2020.1/data/boards/board_files/nexys4_ddr/C.1/board.xml as part xc7a100tcsg324-1 specified in board_part file is either invalid or not available
WARNING: [Board 49-26] cannot add Board Part digilentinc.com:nexys_video:part0:1.1 available at C:/Xilinx/Vivado/2020.1/data/boards/board_files/nexys_video/A.0/1.1/board.xml as part xc7a200tsbg484-1 specified in board_part file is either invalid or not available
WARNING: [Board 49-26] cannot add Board Part digilentinc.com:nexys_video:part0:1.2 available at C:/Xilinx/Vivado/2020.1/data/boards/board_files/nexys_video/A.0/1.2/board.xml as part xc7a200tsbg484-1 specified in board_part file is either invalid or not available
WARNING: [Board 49-26] cannot add Board Part digilentinc.com:sword:part0:1.0 available at C:/Xilinx/Vivado/2020.1/data/boards/board_files/sword/C.0/board.xml as part xc7k325tffg900-2 specified in board_part file is either invalid or not available
WARNING: [Board 49-26] cannot add Board Part digilentinc.com:usb104-a7:part0:1.0 available at C:/Xilinx/Vivado/2020.1/data/boards/board_files/usb104-a7/B/1.0/board.xml as part xc7a100tcsg324-1 specified in board_part file is either invalid or not available
WARNING: [Board 49-26] cannot add Board Part digilentinc.com:usb104-a7:part0:1.1 available at C:/Xilinx/Vivado/2020.1/data/boards/board_files/usb104-a7/B/1.1/board.xml as part xc7a100tcsg324-1 specified in board_part file is either invalid or not available
WARNING: [Board 49-26] cannot add Board Part digilentinc.com:usb104-a7:part0:1.2 available at C:/Xilinx/Vivado/2020.1/data/boards/board_files/usb104-a7/B/1.2/board.xml as part xc7a100tcsg324-1 specified in board_part file is either invalid or not available
WARNING: [Board 49-26] cannot add Board Part digilentinc.com:usb104-a7:part0:1.3 available at C:/Xilinx/Vivado/2020.1/data/boards/board_files/usb104-a7/B/1.3/board.xml as part xc7a100tcsg324-1 specified in board_part file is either invalid or not available
WARNING: [Board 49-26] cannot add Board Part xilinx.com:kcu1500:part0:1.0 available at C:/Xilinx/Vivado/2020.1/data/boards/board_files/kcu1500/1.0/board.xml as part xcku115-flvb2104-2-e specified in board_part file is either invalid or not available
WARNING: [Board 49-26] cannot add Board Part xilinx.com:kcu1500:part0:1.1 available at C:/Xilinx/Vivado/2020.1/data/boards/board_files/kcu1500/1.1/board.xml as part xcku115-flvb2104-2-e specified in board_part file is either invalid or not available
WARNING: [Board 49-26] cannot add Board Part xilinx.com:kcu1500:part0:1.2 available at C:/Xilinx/Vivado/2020.1/data/boards/board_files/kcu1500/1.2/board.xml as part xcku115-flvb2104-2-e specified in board_part file is either invalid or not available
WARNING: [Board 49-26] cannot add Board Part digilentinc.com:arty-a7-100:part0:1.0 available at C:/Xilinx/Vivado/2020.1/data/boards/board_files/arty-a7-100/E.0/1.0/board.xml as part xc7a100tcsg324-1 specified in board_part file is either invalid or not available
WARNING: [Board 49-26] cannot add Board Part digilentinc.com:arty-a7-100:part0:1.1 available at C:/Xilinx/Vivado/2020.1/data/boards/board_files/arty-a7-100/E.0/1.1/board.xml as part xc7a100tcsg324-1 specified in board_part file is either invalid or not available
WARNING: [Board 49-26] cannot add Board Part digilentinc.com:arty-a7-35:part0:1.0 available at C:/Xilinx/Vivado/2020.1/data/boards/board_files/arty-a7-35/E.0/1.0/board.xml as part xc7a35ticsg324-1l specified in board_part file is either invalid or not available
WARNING: [Board 49-26] cannot add Board Part digilentinc.com:arty-a7-35:part0:1.1 available at C:/Xilinx/Vivado/2020.1/data/boards/board_files/arty-a7-35/E.0/1.1/board.xml as part xc7a35ticsg324-1l specified in board_part file is either invalid or not available
WARNING: [Board 49-26] cannot add Board Part digilentinc.com:arty-s7-25:part0:1.1 available at C:/Xilinx/Vivado/2020.1/data/boards/board_files/arty-s7-25/E.0/board.xml as part xc7s25csga324-1 specified in board_part file is either invalid or not available
WARNING: [Board 49-26] cannot add Board Part digilentinc.com:arty-s7-50:part0:1.1 available at C:/Xilinx/Vivado/2020.1/data/boards/board_files/arty-s7-50/B.0/board.xml as part xc7s50csga324-1 specified in board_part file is either invalid or not available
WARNING: [Board 49-26] cannot add Board Part digilentinc.com:arty:part0:1.1 available at C:/Xilinx/Vivado/2020.1/data/boards/board_files/arty/C.0/board.xml as part xc7a35ticsg324-1l specified in board_part file is either invalid or not available
WARNING: [Board 49-26] cannot add Board Part digilentinc.com:basys3:part0:1.2 available at C:/Xilinx/Vivado/2020.1/data/boards/board_files/basys3/C.0/board.xml as part xc7a35tcpg236-1 specified in board_part file is either invalid or not available
WARNING: [Board 49-26] cannot add Board Part digilentinc.com:cmod-s7-25:part0:1.0 available at C:/Xilinx/Vivado/2020.1/data/boards/board_files/cmod-s7-25/B.0/board.xml as part xc7s25csga225-1 specified in board_part file is either invalid or not available
WARNING: [Board 49-26] cannot add Board Part digilentinc.com:cmod_a7-15t:part0:1.2 available at C:/Xilinx/Vivado/2020.1/data/boards/board_files/cmod_a7-15t/B.0/board.xml as part xc7a15tcpg236-1 specified in board_part file is either invalid or not available
WARNING: [Board 49-26] cannot add Board Part digilentinc.com:cmod_a7-35t:part0:1.2 available at C:/Xilinx/Vivado/2020.1/data/boards/board_files/cmod_a7-35t/B.0/board.xml as part xc7a35tcpg236-1 specified in board_part file is either invalid or not available
WARNING: [Board 49-26] cannot add Board Part digilentinc.com:genesys2:part0:1.1 available at C:/Xilinx/Vivado/2020.1/data/boards/board_files/genesys2/H/board.xml as part xc7k325tffg900-2 specified in board_part file is either invalid or not available
WARNING: [Board 49-26] cannot add Board Part digilentinc.com:nexys-a7-100t:part0:1.0 available at C:/Xilinx/Vivado/2020.1/data/boards/board_files/nexys-a7-100t/D.0/1.0/board.xml as part xc7a100tcsg324-1 specified in board_part file is either invalid or not available
WARNING: [Board 49-26] cannot add Board Part digilentinc.com:nexys-a7-100t:part0:1.3 available at C:/Xilinx/Vivado/2020.1/data/boards/board_files/nexys-a7-100t/D.0/1.3/board.xml as part xc7a100tcsg324-1 specified in board_part file is either invalid or not available
WARNING: [Board 49-26] cannot add Board Part digilentinc.com:nexys-a7-50t:part0:1.0 available at C:/Xilinx/Vivado/2020.1/data/boards/board_files/nexys-a7-50t/D.0/1.0/board.xml as part xc7a50ticsg324-1l specified in board_part file is either invalid or not available
WARNING: [Board 49-26] cannot add Board Part digilentinc.com:nexys-a7-50t:part0:1.3 available at C:/Xilinx/Vivado/2020.1/data/boards/board_files/nexys-a7-50t/D.0/1.3/board.xml as part xc7a50ticsg324-1l specified in board_part file is either invalid or not available
WARNING: [Board 49-26] cannot add Board Part digilentinc.com:nexys4:part0:1.1 available at C:/Xilinx/Vivado/2020.1/data/boards/board_files/nexys4/B.1/board.xml as part xc7a100tcsg324-1 specified in board_part file is either invalid or not available
WARNING: [Board 49-26] cannot add Board Part digilentinc.com:nexys4_ddr:part0:1.1 available at C:/Xilinx/Vivado/2020.1/data/boards/board_files/nexys4_ddr/C.1/board.xml as part xc7a100tcsg324-1 specified in board_part file is either invalid or not available
WARNING: [Board 49-26] cannot add Board Part digilentinc.com:nexys_video:part0:1.1 available at C:/Xilinx/Vivado/2020.1/data/boards/board_files/nexys_video/A.0/1.1/board.xml as part xc7a200tsbg484-1 specified in board_part file is either invalid or not available
WARNING: [Board 49-26] cannot add Board Part digilentinc.com:nexys_video:part0:1.2 available at C:/Xilinx/Vivado/2020.1/data/boards/board_files/nexys_video/A.0/1.2/board.xml as part xc7a200tsbg484-1 specified in board_part file is either invalid or not available
WARNING: [Board 49-26] cannot add Board Part digilentinc.com:sword:part0:1.0 available at C:/Xilinx/Vivado/2020.1/data/boards/board_files/sword/C.0/board.xml as part xc7k325tffg900-2 specified in board_part file is either invalid or not available
WARNING: [Board 49-26] cannot add Board Part digilentinc.com:usb104-a7:part0:1.0 available at C:/Xilinx/Vivado/2020.1/data/boards/board_files/usb104-a7/B/1.0/board.xml as part xc7a100tcsg324-1 specified in board_part file is either invalid or not available
WARNING: [Board 49-26] cannot add Board Part digilentinc.com:usb104-a7:part0:1.1 available at C:/Xilinx/Vivado/2020.1/data/boards/board_files/usb104-a7/B/1.1/board.xml as part xc7a100tcsg324-1 specified in board_part file is either invalid or not available
WARNING: [Board 49-26] cannot add Board Part digilentinc.com:usb104-a7:part0:1.2 available at C:/Xilinx/Vivado/2020.1/data/boards/board_files/usb104-a7/B/1.2/board.xml as part xc7a100tcsg324-1 specified in board_part file is either invalid or not available
WARNING: [Board 49-26] cannot add Board Part digilentinc.com:usb104-a7:part0:1.3 available at C:/Xilinx/Vivado/2020.1/data/boards/board_files/usb104-a7/B/1.3/board.xml as part xc7a100tcsg324-1 specified in board_part file is either invalid or not available
WARNING: [Board 49-26] cannot add Board Part xilinx.com:kcu1500:part0:1.0 available at C:/Xilinx/Vivado/2020.1/data/boards/board_files/kcu1500/1.0/board.xml as part xcku115-flvb2104-2-e specified in board_part file is either invalid or not available
WARNING: [Board 49-26] cannot add Board Part xilinx.com:kcu1500:part0:1.1 available at C:/Xilinx/Vivado/2020.1/data/boards/board_files/kcu1500/1.1/board.xml as part xcku115-flvb2104-2-e specified in board_part file is either invalid or not available
WARNING: [Board 49-26] cannot add Board Part xilinx.com:kcu1500:part0:1.2 available at C:/Xilinx/Vivado/2020.1/data/boards/board_files/kcu1500/1.2/board.xml as part xcku115-flvb2104-2-e specified in board_part file is either invalid or not available
WARNING: [Board 49-26] cannot add Board Part digilentinc.com:arty-a7-100:part0:1.0 available at C:/Xilinx/Vivado/2020.1/data/boards/board_files/arty-a7-100/E.0/1.0/board.xml as part xc7a100tcsg324-1 specified in board_part file is either invalid or not available
WARNING: [Board 49-26] cannot add Board Part digilentinc.com:arty-a7-100:part0:1.1 available at C:/Xilinx/Vivado/2020.1/data/boards/board_files/arty-a7-100/E.0/1.1/board.xml as part xc7a100tcsg324-1 specified in board_part file is either invalid or not available
WARNING: [Board 49-26] cannot add Board Part digilentinc.com:arty-a7-35:part0:1.0 available at C:/Xilinx/Vivado/2020.1/data/boards/board_files/arty-a7-35/E.0/1.0/board.xml as part xc7a35ticsg324-1l specified in board_part file is either invalid or not available
WARNING: [Board 49-26] cannot add Board Part digilentinc.com:arty-a7-35:part0:1.1 available at C:/Xilinx/Vivado/2020.1/data/boards/board_files/arty-a7-35/E.0/1.1/board.xml as part xc7a35ticsg324-1l specified in board_part file is either invalid or not available
WARNING: [Board 49-26] cannot add Board Part digilentinc.com:arty-s7-25:part0:1.1 available at C:/Xilinx/Vivado/2020.1/data/boards/board_files/arty-s7-25/E.0/board.xml as part xc7s25csga324-1 specified in board_part file is either invalid or not available
WARNING: [Board 49-26] cannot add Board Part digilentinc.com:arty-s7-50:part0:1.1 available at C:/Xilinx/Vivado/2020.1/data/boards/board_files/arty-s7-50/B.0/board.xml as part xc7s50csga324-1 specified in board_part file is either invalid or not available
WARNING: [Board 49-26] cannot add Board Part digilentinc.com:arty:part0:1.1 available at C:/Xilinx/Vivado/2020.1/data/boards/board_files/arty/C.0/board.xml as part xc7a35ticsg324-1l specified in board_part file is either invalid or not available
WARNING: [Board 49-26] cannot add Board Part digilentinc.com:basys3:part0:1.2 available at C:/Xilinx/Vivado/2020.1/data/boards/board_files/basys3/C.0/board.xml as part xc7a35tcpg236-1 specified in board_part file is either invalid or not available
WARNING: [Board 49-26] cannot add Board Part digilentinc.com:cmod-s7-25:part0:1.0 available at C:/Xilinx/Vivado/2020.1/data/boards/board_files/cmod-s7-25/B.0/board.xml as part xc7s25csga225-1 specified in board_part file is either invalid or not available
WARNING: [Board 49-26] cannot add Board Part digilentinc.com:cmod_a7-15t:part0:1.2 available at C:/Xilinx/Vivado/2020.1/data/boards/board_files/cmod_a7-15t/B.0/board.xml as part xc7a15tcpg236-1 specified in board_part file is either invalid or not available
WARNING: [Board 49-26] cannot add Board Part digilentinc.com:cmod_a7-35t:part0:1.2 available at C:/Xilinx/Vivado/2020.1/data/boards/board_files/cmod_a7-35t/B.0/board.xml as part xc7a35tcpg236-1 specified in board_part file is either invalid or not available
WARNING: [Board 49-26] cannot add Board Part digilentinc.com:genesys2:part0:1.1 available at C:/Xilinx/Vivado/2020.1/data/boards/board_files/genesys2/H/board.xml as part xc7k325tffg900-2 specified in board_part file is either invalid or not available
WARNING: [Board 49-26] cannot add Board Part digilentinc.com:nexys-a7-100t:part0:1.0 available at C:/Xilinx/Vivado/2020.1/data/boards/board_files/nexys-a7-100t/D.0/1.0/board.xml as part xc7a100tcsg324-1 specified in board_part file is either invalid or not available
WARNING: [Board 49-26] cannot add Board Part digilentinc.com:nexys-a7-100t:part0:1.3 available at C:/Xilinx/Vivado/2020.1/data/boards/board_files/nexys-a7-100t/D.0/1.3/board.xml as part xc7a100tcsg324-1 specified in board_part file is either invalid or not available
WARNING: [Board 49-26] cannot add Board Part digilentinc.com:nexys-a7-50t:part0:1.0 available at C:/Xilinx/Vivado/2020.1/data/boards/board_files/nexys-a7-50t/D.0/1.0/board.xml as part xc7a50ticsg324-1l specified in board_part file is either invalid or not available
WARNING: [Board 49-26] cannot add Board Part digilentinc.com:nexys-a7-50t:part0:1.3 available at C:/Xilinx/Vivado/2020.1/data/boards/board_files/nexys-a7-50t/D.0/1.3/board.xml as part xc7a50ticsg324-1l specified in board_part file is either invalid or not available
INFO: [Common 17-14] Message 'Board 49-26' appears 100 times and further instances of the messages will be disabled. Use the Tcl command set_msg_config to change the current settings.
create_project control_unit C:/Users/crist/Desktop/SEP/AYUDANTIA/control_unit -part xc7z010clg400-1
INFO: [IP_Flow 19-234] Refreshing IP repositories
INFO: [IP_Flow 19-1704] No user IP repositories specified
INFO: [IP_Flow 19-2313] Loaded Vivado IP repository 'C:/Xilinx/Vivado/2020.1/data/ip'.
set_property board_part digilentinc.com:zybo-z7-10:part0:1.1 [current_project]
file mkdir C:/Users/crist/Desktop/SEP/AYUDANTIA/control_unit/control_unit.srcs/sources_1/new
set_property target_language VHDL [current_project]
close [ open C:/Users/crist/Desktop/SEP/AYUDANTIA/control_unit/control_unit.srcs/sources_1/new/control_unit.vhd w ]
add_files C:/Users/crist/Desktop/SEP/AYUDANTIA/control_unit/control_unit.srcs/sources_1/new/control_unit.vhd
update_compile_order -fileset sources_1
update_compile_order -fileset sources_1
update_compile_order -fileset sources_1
file mkdir C:/Users/crist/Desktop/SEP/AYUDANTIA/control_unit/control_unit.srcs/sim_1/new
set_property SOURCE_SET sources_1 [get_filesets sim_1]
close [ open C:/Users/crist/Desktop/SEP/AYUDANTIA/control_unit/control_unit.srcs/sim_1/new/control_unit_tb.vhd w ]
add_files -fileset sim_1 C:/Users/crist/Desktop/SEP/AYUDANTIA/control_unit/control_unit.srcs/sim_1/new/control_unit_tb.vhd
update_compile_order -fileset sim_1
current_project ALU
current_project control_unit
launch_simulation
Command: launch_simulation 
INFO: [Vivado 12-5682] Launching behavioral simulation in 'C:/Users/crist/Desktop/SEP/AYUDANTIA/control_unit/control_unit.sim/sim_1/behav/xsim'
INFO: [SIM-utils-51] Simulation object is 'sim_1'
INFO: [SIM-utils-54] Inspecting design source files for 'control_unit' in fileset 'sim_1'...
INFO: [USF-XSim-97] Finding global include files...
INFO: [USF-XSim-98] Fetching design files from 'sim_1'...
INFO: [USF-XSim-2] XSim::Compile design
INFO: [USF-XSim-61] Executing 'COMPILE and ANALYZE' step in 'C:/Users/crist/Desktop/SEP/AYUDANTIA/control_unit/control_unit.sim/sim_1/behav/xsim'
"xvhdl --incr --relax -prj control_unit_vhdl.prj"
INFO: [VRFC 10-163] Analyzing VHDL file "C:/Users/crist/Desktop/SEP/AYUDANTIA/control_unit/control_unit.srcs/sources_1/new/control_unit.vhd" into library xil_defaultlib
INFO: [VRFC 10-3107] analyzing entity 'control_unit'
INFO: [USF-XSim-69] 'compile' step finished in '1' seconds
INFO: [USF-XSim-3] XSim::Elaborate design
INFO: [USF-XSim-61] Executing 'ELABORATE' step in 'C:/Users/crist/Desktop/SEP/AYUDANTIA/control_unit/control_unit.sim/sim_1/behav/xsim'
"xelab -wto 563d454377e44d6fb1edbe8ed7c6651b --incr --debug typical --relax --mt 2 -L xil_defaultlib -L secureip --snapshot control_unit_behav xil_defaultlib.control_unit -log elaborate.log"
Vivado Simulator 2020.1
Copyright 1986-1999, 2001-2020 Xilinx, Inc. All Rights Reserved.
Running: C:/Xilinx/Vivado/2020.1/bin/unwrapped/win64.o/xelab.exe -wto 563d454377e44d6fb1edbe8ed7c6651b --incr --debug typical --relax --mt 2 -L xil_defaultlib -L secureip --snapshot control_unit_behav xil_defaultlib.control_unit -log elaborate.log 
Using 2 slave threads.
Starting static elaboration
Completed static elaboration
Starting simulation data flow analysis
Completed simulation data flow analysis
Time Resolution for simulation is 1ps
Compiling package std.standard
Compiling package std.textio
Compiling package ieee.std_logic_1164
Compiling package ieee.std_logic_arith
Compiling package ieee.std_logic_unsigned
Compiling package ieee.numeric_std
Compiling architecture behavioral of entity xil_defaultlib.control_unit
Built simulation snapshot control_unit_behav

****** Webtalk v2020.1 (64-bit)
  **** SW Build 2902540 on Wed May 27 19:54:49 MDT 2020
  **** IP Build 2902112 on Wed May 27 22:43:36 MDT 2020
    ** Copyright 1986-2020 Xilinx, Inc. All Rights Reserved.

source C:/Users/crist/Desktop/SEP/AYUDANTIA/control_unit/control_unit.sim/sim_1/behav/xsim/xsim.dir/control_unit_behav/webtalk/xsim_webtalk.tcl -notrace
INFO: [Common 17-206] Exiting Webtalk at Sat Aug 26 17:00:56 2023...
INFO: [USF-XSim-69] 'elaborate' step finished in '4' seconds
INFO: [USF-XSim-4] XSim::Simulate design
INFO: [USF-XSim-61] Executing 'SIMULATE' step in 'C:/Users/crist/Desktop/SEP/AYUDANTIA/control_unit/control_unit.sim/sim_1/behav/xsim'
INFO: [USF-XSim-98] *** Running xsim
   with args "control_unit_behav -key {Behavioral:sim_1:Functional:control_unit} -tclbatch {control_unit.tcl} -log {simulate.log}"
INFO: [USF-XSim-8] Loading simulator feature
Vivado Simulator 2020.1
Time resolution is 1 ps
source control_unit.tcl
# set curr_wave [current_wave_config]
# if { [string length $curr_wave] == 0 } {
#   if { [llength [get_objects]] > 0} {
#     add_wave /
#     set_property needs_save false [current_wave_config]
#   } else {
#      send_msg_id Add_Wave-1 WARNING "No top level signals found. Simulator will start without a wave window. If you want to open a wave window go to 'File->New Waveform Configuration' or type 'create_wave_config' in the TCL console."
#   }
# }
# run 1000ns
INFO: [USF-XSim-96] XSim completed. Design snapshot 'control_unit_behav' loaded.
INFO: [USF-XSim-97] XSim simulation ran for 1000ns
launch_simulation: Time (s): cpu = 00:00:01 ; elapsed = 00:00:08 . Memory (MB): peak = 2528.938 ; gain = 7.812
restart
INFO: [Simtcl 6-17] Simulation restarted
run 200 ns
restart
INFO: [Simtcl 6-17] Simulation restarted
run 200 ns
launch_simulation
Command: launch_simulation 
boost::filesystem::remove: El proceso no tiene acceso al archivo porque está siendo utilizado por otro proceso: "C:/Users/crist/Desktop/SEP/AYUDANTIA/control_unit/control_unit.sim/sim_1/behav/xsim/simulate.log"
update_compile_order -fileset sim_1
launch_simulation
Command: launch_simulation 
boost::filesystem::remove: El proceso no tiene acceso al archivo porque está siendo utilizado por otro proceso: "C:/Users/crist/Desktop/SEP/AYUDANTIA/control_unit/control_unit.sim/sim_1/behav/xsim/simulate.log"
close_sim
INFO: [Simtcl 6-16] Simulation closed
launch_simulation
Command: launch_simulation 
INFO: [Vivado 12-5682] Launching behavioral simulation in 'C:/Users/crist/Desktop/SEP/AYUDANTIA/control_unit/control_unit.sim/sim_1/behav/xsim'
INFO: [SIM-utils-51] Simulation object is 'sim_1'
INFO: [SIM-utils-54] Inspecting design source files for 'control_unit_tb' in fileset 'sim_1'...
INFO: [USF-XSim-97] Finding global include files...
INFO: [USF-XSim-98] Fetching design files from 'sim_1'...
INFO: [USF-XSim-2] XSim::Compile design
INFO: [USF-XSim-61] Executing 'COMPILE and ANALYZE' step in 'C:/Users/crist/Desktop/SEP/AYUDANTIA/control_unit/control_unit.sim/sim_1/behav/xsim'
"xvhdl --incr --relax -prj control_unit_tb_vhdl.prj"
INFO: [VRFC 10-163] Analyzing VHDL file "C:/Users/crist/Desktop/SEP/AYUDANTIA/control_unit/control_unit.srcs/sim_1/new/control_unit_tb.vhd" into library xil_defaultlib
INFO: [VRFC 10-3107] analyzing entity 'control_unit_tb'
INFO: [USF-XSim-69] 'compile' step finished in '2' seconds
INFO: [USF-XSim-3] XSim::Elaborate design
INFO: [USF-XSim-61] Executing 'ELABORATE' step in 'C:/Users/crist/Desktop/SEP/AYUDANTIA/control_unit/control_unit.sim/sim_1/behav/xsim'
"xelab -wto 563d454377e44d6fb1edbe8ed7c6651b --incr --debug typical --relax --mt 2 -L xil_defaultlib -L secureip --snapshot control_unit_tb_behav xil_defaultlib.control_unit_tb -log elaborate.log"
Vivado Simulator 2020.1
Copyright 1986-1999, 2001-2020 Xilinx, Inc. All Rights Reserved.
Running: C:/Xilinx/Vivado/2020.1/bin/unwrapped/win64.o/xelab.exe -wto 563d454377e44d6fb1edbe8ed7c6651b --incr --debug typical --relax --mt 2 -L xil_defaultlib -L secureip --snapshot control_unit_tb_behav xil_defaultlib.control_unit_tb -log elaborate.log 
Using 2 slave threads.
Starting static elaboration
Completed static elaboration
Starting simulation data flow analysis
Completed simulation data flow analysis
Time Resolution for simulation is 1ps
Compiling package std.standard
Compiling package std.textio
Compiling package ieee.std_logic_1164
Compiling package ieee.numeric_std
Compiling package ieee.std_logic_arith
Compiling package ieee.std_logic_unsigned
Compiling architecture behavioral of entity xil_defaultlib.control_unit [control_unit_default]
Compiling architecture bench of entity xil_defaultlib.control_unit_tb
Built simulation snapshot control_unit_tb_behav

****** Webtalk v2020.1 (64-bit)
  **** SW Build 2902540 on Wed May 27 19:54:49 MDT 2020
  **** IP Build 2902112 on Wed May 27 22:43:36 MDT 2020
    ** Copyright 1986-2020 Xilinx, Inc. All Rights Reserved.

source C:/Users/crist/Desktop/SEP/AYUDANTIA/control_unit/control_unit.sim/sim_1/behav/xsim/xsim.dir/control_unit_tb_behav/webtalk/xsim_webtalk.tcl -notrace
INFO: [Common 17-206] Exiting Webtalk at Sat Aug 26 17:05:22 2023...
INFO: [USF-XSim-69] 'elaborate' step finished in '3' seconds
INFO: [USF-XSim-4] XSim::Simulate design
INFO: [USF-XSim-61] Executing 'SIMULATE' step in 'C:/Users/crist/Desktop/SEP/AYUDANTIA/control_unit/control_unit.sim/sim_1/behav/xsim'
INFO: [USF-XSim-98] *** Running xsim
   with args "control_unit_tb_behav -key {Behavioral:sim_1:Functional:control_unit_tb} -tclbatch {control_unit_tb.tcl} -log {simulate.log}"
INFO: [USF-XSim-8] Loading simulator feature
Vivado Simulator 2020.1
Time resolution is 1 ps
source control_unit_tb.tcl
# set curr_wave [current_wave_config]
# if { [string length $curr_wave] == 0 } {
#   if { [llength [get_objects]] > 0} {
#     add_wave /
#     set_property needs_save false [current_wave_config]
#   } else {
#      send_msg_id Add_Wave-1 WARNING "No top level signals found. Simulator will start without a wave window. If you want to open a wave window go to 'File->New Waveform Configuration' or type 'create_wave_config' in the TCL console."
#   }
# }
# run 1000ns
INFO: [USF-XSim-96] XSim completed. Design snapshot 'control_unit_tb_behav' loaded.
INFO: [USF-XSim-97] XSim simulation ran for 1000ns
launch_simulation: Time (s): cpu = 00:00:01 ; elapsed = 00:00:07 . Memory (MB): peak = 2528.957 ; gain = 0.020
restart
INFO: [Simtcl 6-17] Simulation restarted
run 200 ns
close_sim
INFO: [Simtcl 6-16] Simulation closed
launch_simulation
Command: launch_simulation 
INFO: [Vivado 12-5682] Launching behavioral simulation in 'C:/Users/crist/Desktop/SEP/AYUDANTIA/control_unit/control_unit.sim/sim_1/behav/xsim'
INFO: [SIM-utils-51] Simulation object is 'sim_1'
INFO: [SIM-utils-54] Inspecting design source files for 'control_unit_tb' in fileset 'sim_1'...
INFO: [USF-XSim-97] Finding global include files...
INFO: [USF-XSim-98] Fetching design files from 'sim_1'...
INFO: [USF-XSim-2] XSim::Compile design
INFO: [USF-XSim-61] Executing 'COMPILE and ANALYZE' step in 'C:/Users/crist/Desktop/SEP/AYUDANTIA/control_unit/control_unit.sim/sim_1/behav/xsim'
"xvhdl --incr --relax -prj control_unit_tb_vhdl.prj"
INFO: [VRFC 10-163] Analyzing VHDL file "C:/Users/crist/Desktop/SEP/AYUDANTIA/control_unit/control_unit.srcs/sources_1/new/control_unit.vhd" into library xil_defaultlib
INFO: [VRFC 10-3107] analyzing entity 'control_unit'
INFO: [USF-XSim-69] 'compile' step finished in '1' seconds
INFO: [USF-XSim-3] XSim::Elaborate design
INFO: [USF-XSim-61] Executing 'ELABORATE' step in 'C:/Users/crist/Desktop/SEP/AYUDANTIA/control_unit/control_unit.sim/sim_1/behav/xsim'
"xelab -wto 563d454377e44d6fb1edbe8ed7c6651b --incr --debug typical --relax --mt 2 -L xil_defaultlib -L secureip --snapshot control_unit_tb_behav xil_defaultlib.control_unit_tb -log elaborate.log"
Vivado Simulator 2020.1
Copyright 1986-1999, 2001-2020 Xilinx, Inc. All Rights Reserved.
Running: C:/Xilinx/Vivado/2020.1/bin/unwrapped/win64.o/xelab.exe -wto 563d454377e44d6fb1edbe8ed7c6651b --incr --debug typical --relax --mt 2 -L xil_defaultlib -L secureip --snapshot control_unit_tb_behav xil_defaultlib.control_unit_tb -log elaborate.log 
Using 2 slave threads.
Starting static elaboration
Completed static elaboration
Starting simulation data flow analysis
Completed simulation data flow analysis
Time Resolution for simulation is 1ps
Compiling package std.standard
Compiling package std.textio
Compiling package ieee.std_logic_1164
Compiling package ieee.numeric_std
Compiling package ieee.std_logic_arith
Compiling package ieee.std_logic_unsigned
Compiling architecture behavioral of entity xil_defaultlib.control_unit [control_unit_default]
Compiling architecture bench of entity xil_defaultlib.control_unit_tb
Built simulation snapshot control_unit_tb_behav
INFO: [USF-XSim-69] 'elaborate' step finished in '2' seconds
INFO: [USF-XSim-4] XSim::Simulate design
INFO: [USF-XSim-61] Executing 'SIMULATE' step in 'C:/Users/crist/Desktop/SEP/AYUDANTIA/control_unit/control_unit.sim/sim_1/behav/xsim'
INFO: [USF-XSim-98] *** Running xsim
   with args "control_unit_tb_behav -key {Behavioral:sim_1:Functional:control_unit_tb} -tclbatch {control_unit_tb.tcl} -log {simulate.log}"
INFO: [USF-XSim-8] Loading simulator feature
Vivado Simulator 2020.1
Time resolution is 1 ps
source control_unit_tb.tcl
# set curr_wave [current_wave_config]
# if { [string length $curr_wave] == 0 } {
#   if { [llength [get_objects]] > 0} {
#     add_wave /
#     set_property needs_save false [current_wave_config]
#   } else {
#      send_msg_id Add_Wave-1 WARNING "No top level signals found. Simulator will start without a wave window. If you want to open a wave window go to 'File->New Waveform Configuration' or type 'create_wave_config' in the TCL console."
#   }
# }
# run 1000ns
INFO: [USF-XSim-96] XSim completed. Design snapshot 'control_unit_tb_behav' loaded.
INFO: [USF-XSim-97] XSim simulation ran for 1000ns
launch_simulation: Time (s): cpu = 00:00:01 ; elapsed = 00:00:06 . Memory (MB): peak = 2529.191 ; gain = 0.234
restart
INFO: [Simtcl 6-17] Simulation restarted
run 200 ns
close_sim
INFO: [Simtcl 6-16] Simulation closed
launch_simulation
Command: launch_simulation 
INFO: [Vivado 12-5682] Launching behavioral simulation in 'C:/Users/crist/Desktop/SEP/AYUDANTIA/control_unit/control_unit.sim/sim_1/behav/xsim'
INFO: [SIM-utils-51] Simulation object is 'sim_1'
INFO: [SIM-utils-54] Inspecting design source files for 'control_unit_tb' in fileset 'sim_1'...
INFO: [USF-XSim-97] Finding global include files...
INFO: [USF-XSim-98] Fetching design files from 'sim_1'...
INFO: [USF-XSim-2] XSim::Compile design
INFO: [USF-XSim-61] Executing 'COMPILE and ANALYZE' step in 'C:/Users/crist/Desktop/SEP/AYUDANTIA/control_unit/control_unit.sim/sim_1/behav/xsim'
"xvhdl --incr --relax -prj control_unit_tb_vhdl.prj"
INFO: [VRFC 10-163] Analyzing VHDL file "C:/Users/crist/Desktop/SEP/AYUDANTIA/control_unit/control_unit.srcs/sources_1/new/control_unit.vhd" into library xil_defaultlib
INFO: [VRFC 10-3107] analyzing entity 'control_unit'
INFO: [VRFC 10-163] Analyzing VHDL file "C:/Users/crist/Desktop/SEP/AYUDANTIA/control_unit/control_unit.srcs/sim_1/new/control_unit_tb.vhd" into library xil_defaultlib
INFO: [VRFC 10-3107] analyzing entity 'control_unit_tb'
INFO: [USF-XSim-69] 'compile' step finished in '1' seconds
INFO: [USF-XSim-3] XSim::Elaborate design
INFO: [USF-XSim-61] Executing 'ELABORATE' step in 'C:/Users/crist/Desktop/SEP/AYUDANTIA/control_unit/control_unit.sim/sim_1/behav/xsim'
"xelab -wto 563d454377e44d6fb1edbe8ed7c6651b --incr --debug typical --relax --mt 2 -L xil_defaultlib -L secureip --snapshot control_unit_tb_behav xil_defaultlib.control_unit_tb -log elaborate.log"
Vivado Simulator 2020.1
Copyright 1986-1999, 2001-2020 Xilinx, Inc. All Rights Reserved.
Running: C:/Xilinx/Vivado/2020.1/bin/unwrapped/win64.o/xelab.exe -wto 563d454377e44d6fb1edbe8ed7c6651b --incr --debug typical --relax --mt 2 -L xil_defaultlib -L secureip --snapshot control_unit_tb_behav xil_defaultlib.control_unit_tb -log elaborate.log 
Using 2 slave threads.
Starting static elaboration
Completed static elaboration
Starting simulation data flow analysis
Completed simulation data flow analysis
Time Resolution for simulation is 1ps
Compiling package std.standard
Compiling package std.textio
Compiling package ieee.std_logic_1164
Compiling package ieee.numeric_std
Compiling package ieee.std_logic_arith
Compiling package ieee.std_logic_unsigned
Compiling architecture behavioral of entity xil_defaultlib.control_unit [control_unit_default]
Compiling architecture bench of entity xil_defaultlib.control_unit_tb
Built simulation snapshot control_unit_tb_behav
INFO: [USF-XSim-69] 'elaborate' step finished in '2' seconds
INFO: [USF-XSim-4] XSim::Simulate design
INFO: [USF-XSim-61] Executing 'SIMULATE' step in 'C:/Users/crist/Desktop/SEP/AYUDANTIA/control_unit/control_unit.sim/sim_1/behav/xsim'
INFO: [USF-XSim-98] *** Running xsim
   with args "control_unit_tb_behav -key {Behavioral:sim_1:Functional:control_unit_tb} -tclbatch {control_unit_tb.tcl} -log {simulate.log}"
INFO: [USF-XSim-8] Loading simulator feature
Vivado Simulator 2020.1
Time resolution is 1 ps
source control_unit_tb.tcl
# set curr_wave [current_wave_config]
# if { [string length $curr_wave] == 0 } {
#   if { [llength [get_objects]] > 0} {
#     add_wave /
#     set_property needs_save false [current_wave_config]
#   } else {
#      send_msg_id Add_Wave-1 WARNING "No top level signals found. Simulator will start without a wave window. If you want to open a wave window go to 'File->New Waveform Configuration' or type 'create_wave_config' in the TCL console."
#   }
# }
# run 1000ns
INFO: [USF-XSim-96] XSim completed. Design snapshot 'control_unit_tb_behav' loaded.
INFO: [USF-XSim-97] XSim simulation ran for 1000ns
launch_simulation: Time (s): cpu = 00:00:01 ; elapsed = 00:00:06 . Memory (MB): peak = 2529.191 ; gain = 0.000
restart
INFO: [Simtcl 6-17] Simulation restarted
run 200 ns
close_sim
INFO: [Simtcl 6-16] Simulation closed
ipx::package_project -root_dir c:/users/crist/desktop/sep/ayudantia/control_unit/control_unit.srcs -vendor xilinx.com -library user -taxonomy /UserIP
INFO: [IP_Flow 19-5107] Inferred bus interface 'clk' of definition 'xilinx.com:signal:clock:1.0' (from Xilinx Repository).
WARNING: [IP_Flow 19-5661] Bus Interface 'clk' does not have any bus interfaces associated with it.
INFO: [IP_Flow 19-2181] Payment Required is not set for this core.
INFO: [IP_Flow 19-2187] The Product Guide file is missing.
set_property core_revision 2 [ipx::current_core]
ipx::create_xgui_files [ipx::current_core]
ipx::update_checksums [ipx::current_core]
ipx::save_core [ipx::current_core]
set_property  ip_repo_paths  c:/users/crist/desktop/sep/ayudantia/control_unit/control_unit.srcs [current_project]
update_ip_catalog
INFO: [IP_Flow 19-234] Refreshing IP repositories
INFO: [IP_Flow 19-1700] Loaded user IP repository 'c:/users/crist/desktop/sep/ayudantia/control_unit/control_unit.srcs'.
current_project ALU
close_sim
INFO: [Simtcl 6-16] Simulation closed
ipx::package_project -root_dir c:/users/crist/desktop/sep/ayudantia/alu/alu.srcs -vendor xilinx.com -library user -taxonomy /UserIP
INFO: [IP_Flow 19-5107] Inferred bus interface 'clk' of definition 'xilinx.com:signal:clock:1.0' (from Xilinx Repository).
WARNING: [IP_Flow 19-5661] Bus Interface 'clk' does not have any bus interfaces associated with it.
INFO: [IP_Flow 19-2181] Payment Required is not set for this core.
INFO: [IP_Flow 19-2187] The Product Guide file is missing.
set_property core_revision 2 [ipx::current_core]
ipx::create_xgui_files [ipx::current_core]
ipx::update_checksums [ipx::current_core]
ipx::save_core [ipx::current_core]
set_property  ip_repo_paths  c:/users/crist/desktop/sep/ayudantia/alu/alu.srcs [current_project]
update_ip_catalog
INFO: [IP_Flow 19-234] Refreshing IP repositories
INFO: [IP_Flow 19-1700] Loaded user IP repository 'c:/users/crist/desktop/sep/ayudantia/alu/alu.srcs'.
WARNING: [Board 49-26] cannot add Board Part digilentinc.com:arty-a7-100:part0:1.0 available at C:/Xilinx/Vivado/2020.1/data/boards/board_files/arty-a7-100/E.0/1.0/board.xml as part xc7a100tcsg324-1 specified in board_part file is either invalid or not available
WARNING: [Board 49-26] cannot add Board Part digilentinc.com:arty-a7-100:part0:1.1 available at C:/Xilinx/Vivado/2020.1/data/boards/board_files/arty-a7-100/E.0/1.1/board.xml as part xc7a100tcsg324-1 specified in board_part file is either invalid or not available
WARNING: [Board 49-26] cannot add Board Part digilentinc.com:arty-a7-35:part0:1.0 available at C:/Xilinx/Vivado/2020.1/data/boards/board_files/arty-a7-35/E.0/1.0/board.xml as part xc7a35ticsg324-1l specified in board_part file is either invalid or not available
WARNING: [Board 49-26] cannot add Board Part digilentinc.com:arty-a7-35:part0:1.1 available at C:/Xilinx/Vivado/2020.1/data/boards/board_files/arty-a7-35/E.0/1.1/board.xml as part xc7a35ticsg324-1l specified in board_part file is either invalid or not available
WARNING: [Board 49-26] cannot add Board Part digilentinc.com:arty-s7-25:part0:1.1 available at C:/Xilinx/Vivado/2020.1/data/boards/board_files/arty-s7-25/E.0/board.xml as part xc7s25csga324-1 specified in board_part file is either invalid or not available
WARNING: [Board 49-26] cannot add Board Part digilentinc.com:arty-s7-50:part0:1.1 available at C:/Xilinx/Vivado/2020.1/data/boards/board_files/arty-s7-50/B.0/board.xml as part xc7s50csga324-1 specified in board_part file is either invalid or not available
WARNING: [Board 49-26] cannot add Board Part digilentinc.com:arty:part0:1.1 available at C:/Xilinx/Vivado/2020.1/data/boards/board_files/arty/C.0/board.xml as part xc7a35ticsg324-1l specified in board_part file is either invalid or not available
WARNING: [Board 49-26] cannot add Board Part digilentinc.com:basys3:part0:1.2 available at C:/Xilinx/Vivado/2020.1/data/boards/board_files/basys3/C.0/board.xml as part xc7a35tcpg236-1 specified in board_part file is either invalid or not available
WARNING: [Board 49-26] cannot add Board Part digilentinc.com:cmod-s7-25:part0:1.0 available at C:/Xilinx/Vivado/2020.1/data/boards/board_files/cmod-s7-25/B.0/board.xml as part xc7s25csga225-1 specified in board_part file is either invalid or not available
WARNING: [Board 49-26] cannot add Board Part digilentinc.com:cmod_a7-15t:part0:1.2 available at C:/Xilinx/Vivado/2020.1/data/boards/board_files/cmod_a7-15t/B.0/board.xml as part xc7a15tcpg236-1 specified in board_part file is either invalid or not available
WARNING: [Board 49-26] cannot add Board Part digilentinc.com:cmod_a7-35t:part0:1.2 available at C:/Xilinx/Vivado/2020.1/data/boards/board_files/cmod_a7-35t/B.0/board.xml as part xc7a35tcpg236-1 specified in board_part file is either invalid or not available
WARNING: [Board 49-26] cannot add Board Part digilentinc.com:genesys2:part0:1.1 available at C:/Xilinx/Vivado/2020.1/data/boards/board_files/genesys2/H/board.xml as part xc7k325tffg900-2 specified in board_part file is either invalid or not available
WARNING: [Board 49-26] cannot add Board Part digilentinc.com:nexys-a7-100t:part0:1.0 available at C:/Xilinx/Vivado/2020.1/data/boards/board_files/nexys-a7-100t/D.0/1.0/board.xml as part xc7a100tcsg324-1 specified in board_part file is either invalid or not available
WARNING: [Board 49-26] cannot add Board Part digilentinc.com:nexys-a7-100t:part0:1.3 available at C:/Xilinx/Vivado/2020.1/data/boards/board_files/nexys-a7-100t/D.0/1.3/board.xml as part xc7a100tcsg324-1 specified in board_part file is either invalid or not available
WARNING: [Board 49-26] cannot add Board Part digilentinc.com:nexys-a7-50t:part0:1.0 available at C:/Xilinx/Vivado/2020.1/data/boards/board_files/nexys-a7-50t/D.0/1.0/board.xml as part xc7a50ticsg324-1l specified in board_part file is either invalid or not available
WARNING: [Board 49-26] cannot add Board Part digilentinc.com:nexys-a7-50t:part0:1.3 available at C:/Xilinx/Vivado/2020.1/data/boards/board_files/nexys-a7-50t/D.0/1.3/board.xml as part xc7a50ticsg324-1l specified in board_part file is either invalid or not available
WARNING: [Board 49-26] cannot add Board Part digilentinc.com:nexys4:part0:1.1 available at C:/Xilinx/Vivado/2020.1/data/boards/board_files/nexys4/B.1/board.xml as part xc7a100tcsg324-1 specified in board_part file is either invalid or not available
WARNING: [Board 49-26] cannot add Board Part digilentinc.com:nexys4_ddr:part0:1.1 available at C:/Xilinx/Vivado/2020.1/data/boards/board_files/nexys4_ddr/C.1/board.xml as part xc7a100tcsg324-1 specified in board_part file is either invalid or not available
WARNING: [Board 49-26] cannot add Board Part digilentinc.com:nexys_video:part0:1.1 available at C:/Xilinx/Vivado/2020.1/data/boards/board_files/nexys_video/A.0/1.1/board.xml as part xc7a200tsbg484-1 specified in board_part file is either invalid or not available
WARNING: [Board 49-26] cannot add Board Part digilentinc.com:nexys_video:part0:1.2 available at C:/Xilinx/Vivado/2020.1/data/boards/board_files/nexys_video/A.0/1.2/board.xml as part xc7a200tsbg484-1 specified in board_part file is either invalid or not available
WARNING: [Board 49-26] cannot add Board Part digilentinc.com:sword:part0:1.0 available at C:/Xilinx/Vivado/2020.1/data/boards/board_files/sword/C.0/board.xml as part xc7k325tffg900-2 specified in board_part file is either invalid or not available
WARNING: [Board 49-26] cannot add Board Part digilentinc.com:usb104-a7:part0:1.0 available at C:/Xilinx/Vivado/2020.1/data/boards/board_files/usb104-a7/B/1.0/board.xml as part xc7a100tcsg324-1 specified in board_part file is either invalid or not available
WARNING: [Board 49-26] cannot add Board Part digilentinc.com:usb104-a7:part0:1.1 available at C:/Xilinx/Vivado/2020.1/data/boards/board_files/usb104-a7/B/1.1/board.xml as part xc7a100tcsg324-1 specified in board_part file is either invalid or not available
WARNING: [Board 49-26] cannot add Board Part digilentinc.com:usb104-a7:part0:1.2 available at C:/Xilinx/Vivado/2020.1/data/boards/board_files/usb104-a7/B/1.2/board.xml as part xc7a100tcsg324-1 specified in board_part file is either invalid or not available
WARNING: [Board 49-26] cannot add Board Part digilentinc.com:usb104-a7:part0:1.3 available at C:/Xilinx/Vivado/2020.1/data/boards/board_files/usb104-a7/B/1.3/board.xml as part xc7a100tcsg324-1 specified in board_part file is either invalid or not available
WARNING: [Board 49-26] cannot add Board Part xilinx.com:kcu1500:part0:1.0 available at C:/Xilinx/Vivado/2020.1/data/boards/board_files/kcu1500/1.0/board.xml as part xcku115-flvb2104-2-e specified in board_part file is either invalid or not available
WARNING: [Board 49-26] cannot add Board Part xilinx.com:kcu1500:part0:1.1 available at C:/Xilinx/Vivado/2020.1/data/boards/board_files/kcu1500/1.1/board.xml as part xcku115-flvb2104-2-e specified in board_part file is either invalid or not available
WARNING: [Board 49-26] cannot add Board Part xilinx.com:kcu1500:part0:1.2 available at C:/Xilinx/Vivado/2020.1/data/boards/board_files/kcu1500/1.2/board.xml as part xcku115-flvb2104-2-e specified in board_part file is either invalid or not available
WARNING: [Board 49-26] cannot add Board Part digilentinc.com:arty-a7-100:part0:1.0 available at C:/Xilinx/Vivado/2020.1/data/boards/board_files/arty-a7-100/E.0/1.0/board.xml as part xc7a100tcsg324-1 specified in board_part file is either invalid or not available
WARNING: [Board 49-26] cannot add Board Part digilentinc.com:arty-a7-100:part0:1.1 available at C:/Xilinx/Vivado/2020.1/data/boards/board_files/arty-a7-100/E.0/1.1/board.xml as part xc7a100tcsg324-1 specified in board_part file is either invalid or not available
WARNING: [Board 49-26] cannot add Board Part digilentinc.com:arty-a7-35:part0:1.0 available at C:/Xilinx/Vivado/2020.1/data/boards/board_files/arty-a7-35/E.0/1.0/board.xml as part xc7a35ticsg324-1l specified in board_part file is either invalid or not available
WARNING: [Board 49-26] cannot add Board Part digilentinc.com:arty-a7-35:part0:1.1 available at C:/Xilinx/Vivado/2020.1/data/boards/board_files/arty-a7-35/E.0/1.1/board.xml as part xc7a35ticsg324-1l specified in board_part file is either invalid or not available
WARNING: [Board 49-26] cannot add Board Part digilentinc.com:arty-s7-25:part0:1.1 available at C:/Xilinx/Vivado/2020.1/data/boards/board_files/arty-s7-25/E.0/board.xml as part xc7s25csga324-1 specified in board_part file is either invalid or not available
WARNING: [Board 49-26] cannot add Board Part digilentinc.com:arty-s7-50:part0:1.1 available at C:/Xilinx/Vivado/2020.1/data/boards/board_files/arty-s7-50/B.0/board.xml as part xc7s50csga324-1 specified in board_part file is either invalid or not available
WARNING: [Board 49-26] cannot add Board Part digilentinc.com:arty:part0:1.1 available at C:/Xilinx/Vivado/2020.1/data/boards/board_files/arty/C.0/board.xml as part xc7a35ticsg324-1l specified in board_part file is either invalid or not available
WARNING: [Board 49-26] cannot add Board Part digilentinc.com:basys3:part0:1.2 available at C:/Xilinx/Vivado/2020.1/data/boards/board_files/basys3/C.0/board.xml as part xc7a35tcpg236-1 specified in board_part file is either invalid or not available
WARNING: [Board 49-26] cannot add Board Part digilentinc.com:cmod-s7-25:part0:1.0 available at C:/Xilinx/Vivado/2020.1/data/boards/board_files/cmod-s7-25/B.0/board.xml as part xc7s25csga225-1 specified in board_part file is either invalid or not available
WARNING: [Board 49-26] cannot add Board Part digilentinc.com:cmod_a7-15t:part0:1.2 available at C:/Xilinx/Vivado/2020.1/data/boards/board_files/cmod_a7-15t/B.0/board.xml as part xc7a15tcpg236-1 specified in board_part file is either invalid or not available
WARNING: [Board 49-26] cannot add Board Part digilentinc.com:cmod_a7-35t:part0:1.2 available at C:/Xilinx/Vivado/2020.1/data/boards/board_files/cmod_a7-35t/B.0/board.xml as part xc7a35tcpg236-1 specified in board_part file is either invalid or not available
WARNING: [Board 49-26] cannot add Board Part digilentinc.com:genesys2:part0:1.1 available at C:/Xilinx/Vivado/2020.1/data/boards/board_files/genesys2/H/board.xml as part xc7k325tffg900-2 specified in board_part file is either invalid or not available
WARNING: [Board 49-26] cannot add Board Part digilentinc.com:nexys-a7-100t:part0:1.0 available at C:/Xilinx/Vivado/2020.1/data/boards/board_files/nexys-a7-100t/D.0/1.0/board.xml as part xc7a100tcsg324-1 specified in board_part file is either invalid or not available
WARNING: [Board 49-26] cannot add Board Part digilentinc.com:nexys-a7-100t:part0:1.3 available at C:/Xilinx/Vivado/2020.1/data/boards/board_files/nexys-a7-100t/D.0/1.3/board.xml as part xc7a100tcsg324-1 specified in board_part file is either invalid or not available
WARNING: [Board 49-26] cannot add Board Part digilentinc.com:nexys-a7-50t:part0:1.0 available at C:/Xilinx/Vivado/2020.1/data/boards/board_files/nexys-a7-50t/D.0/1.0/board.xml as part xc7a50ticsg324-1l specified in board_part file is either invalid or not available
WARNING: [Board 49-26] cannot add Board Part digilentinc.com:nexys-a7-50t:part0:1.3 available at C:/Xilinx/Vivado/2020.1/data/boards/board_files/nexys-a7-50t/D.0/1.3/board.xml as part xc7a50ticsg324-1l specified in board_part file is either invalid or not available
WARNING: [Board 49-26] cannot add Board Part digilentinc.com:nexys4:part0:1.1 available at C:/Xilinx/Vivado/2020.1/data/boards/board_files/nexys4/B.1/board.xml as part xc7a100tcsg324-1 specified in board_part file is either invalid or not available
WARNING: [Board 49-26] cannot add Board Part digilentinc.com:nexys4_ddr:part0:1.1 available at C:/Xilinx/Vivado/2020.1/data/boards/board_files/nexys4_ddr/C.1/board.xml as part xc7a100tcsg324-1 specified in board_part file is either invalid or not available
WARNING: [Board 49-26] cannot add Board Part digilentinc.com:nexys_video:part0:1.1 available at C:/Xilinx/Vivado/2020.1/data/boards/board_files/nexys_video/A.0/1.1/board.xml as part xc7a200tsbg484-1 specified in board_part file is either invalid or not available
WARNING: [Board 49-26] cannot add Board Part digilentinc.com:nexys_video:part0:1.2 available at C:/Xilinx/Vivado/2020.1/data/boards/board_files/nexys_video/A.0/1.2/board.xml as part xc7a200tsbg484-1 specified in board_part file is either invalid or not available
WARNING: [Board 49-26] cannot add Board Part digilentinc.com:sword:part0:1.0 available at C:/Xilinx/Vivado/2020.1/data/boards/board_files/sword/C.0/board.xml as part xc7k325tffg900-2 specified in board_part file is either invalid or not available
WARNING: [Board 49-26] cannot add Board Part digilentinc.com:usb104-a7:part0:1.0 available at C:/Xilinx/Vivado/2020.1/data/boards/board_files/usb104-a7/B/1.0/board.xml as part xc7a100tcsg324-1 specified in board_part file is either invalid or not available
WARNING: [Board 49-26] cannot add Board Part digilentinc.com:usb104-a7:part0:1.1 available at C:/Xilinx/Vivado/2020.1/data/boards/board_files/usb104-a7/B/1.1/board.xml as part xc7a100tcsg324-1 specified in board_part file is either invalid or not available
WARNING: [Board 49-26] cannot add Board Part digilentinc.com:usb104-a7:part0:1.2 available at C:/Xilinx/Vivado/2020.1/data/boards/board_files/usb104-a7/B/1.2/board.xml as part xc7a100tcsg324-1 specified in board_part file is either invalid or not available
WARNING: [Board 49-26] cannot add Board Part digilentinc.com:usb104-a7:part0:1.3 available at C:/Xilinx/Vivado/2020.1/data/boards/board_files/usb104-a7/B/1.3/board.xml as part xc7a100tcsg324-1 specified in board_part file is either invalid or not available
WARNING: [Board 49-26] cannot add Board Part xilinx.com:kcu1500:part0:1.0 available at C:/Xilinx/Vivado/2020.1/data/boards/board_files/kcu1500/1.0/board.xml as part xcku115-flvb2104-2-e specified in board_part file is either invalid or not available
WARNING: [Board 49-26] cannot add Board Part xilinx.com:kcu1500:part0:1.1 available at C:/Xilinx/Vivado/2020.1/data/boards/board_files/kcu1500/1.1/board.xml as part xcku115-flvb2104-2-e specified in board_part file is either invalid or not available
WARNING: [Board 49-26] cannot add Board Part xilinx.com:kcu1500:part0:1.2 available at C:/Xilinx/Vivado/2020.1/data/boards/board_files/kcu1500/1.2/board.xml as part xcku115-flvb2104-2-e specified in board_part file is either invalid or not available
WARNING: [Board 49-26] cannot add Board Part digilentinc.com:arty-a7-100:part0:1.0 available at C:/Xilinx/Vivado/2020.1/data/boards/board_files/arty-a7-100/E.0/1.0/board.xml as part xc7a100tcsg324-1 specified in board_part file is either invalid or not available
WARNING: [Board 49-26] cannot add Board Part digilentinc.com:arty-a7-100:part0:1.1 available at C:/Xilinx/Vivado/2020.1/data/boards/board_files/arty-a7-100/E.0/1.1/board.xml as part xc7a100tcsg324-1 specified in board_part file is either invalid or not available
WARNING: [Board 49-26] cannot add Board Part digilentinc.com:arty-a7-35:part0:1.0 available at C:/Xilinx/Vivado/2020.1/data/boards/board_files/arty-a7-35/E.0/1.0/board.xml as part xc7a35ticsg324-1l specified in board_part file is either invalid or not available
WARNING: [Board 49-26] cannot add Board Part digilentinc.com:arty-a7-35:part0:1.1 available at C:/Xilinx/Vivado/2020.1/data/boards/board_files/arty-a7-35/E.0/1.1/board.xml as part xc7a35ticsg324-1l specified in board_part file is either invalid or not available
WARNING: [Board 49-26] cannot add Board Part digilentinc.com:arty-s7-25:part0:1.1 available at C:/Xilinx/Vivado/2020.1/data/boards/board_files/arty-s7-25/E.0/board.xml as part xc7s25csga324-1 specified in board_part file is either invalid or not available
WARNING: [Board 49-26] cannot add Board Part digilentinc.com:arty-s7-50:part0:1.1 available at C:/Xilinx/Vivado/2020.1/data/boards/board_files/arty-s7-50/B.0/board.xml as part xc7s50csga324-1 specified in board_part file is either invalid or not available
WARNING: [Board 49-26] cannot add Board Part digilentinc.com:arty:part0:1.1 available at C:/Xilinx/Vivado/2020.1/data/boards/board_files/arty/C.0/board.xml as part xc7a35ticsg324-1l specified in board_part file is either invalid or not available
WARNING: [Board 49-26] cannot add Board Part digilentinc.com:basys3:part0:1.2 available at C:/Xilinx/Vivado/2020.1/data/boards/board_files/basys3/C.0/board.xml as part xc7a35tcpg236-1 specified in board_part file is either invalid or not available
WARNING: [Board 49-26] cannot add Board Part digilentinc.com:cmod-s7-25:part0:1.0 available at C:/Xilinx/Vivado/2020.1/data/boards/board_files/cmod-s7-25/B.0/board.xml as part xc7s25csga225-1 specified in board_part file is either invalid or not available
WARNING: [Board 49-26] cannot add Board Part digilentinc.com:cmod_a7-15t:part0:1.2 available at C:/Xilinx/Vivado/2020.1/data/boards/board_files/cmod_a7-15t/B.0/board.xml as part xc7a15tcpg236-1 specified in board_part file is either invalid or not available
WARNING: [Board 49-26] cannot add Board Part digilentinc.com:cmod_a7-35t:part0:1.2 available at C:/Xilinx/Vivado/2020.1/data/boards/board_files/cmod_a7-35t/B.0/board.xml as part xc7a35tcpg236-1 specified in board_part file is either invalid or not available
WARNING: [Board 49-26] cannot add Board Part digilentinc.com:genesys2:part0:1.1 available at C:/Xilinx/Vivado/2020.1/data/boards/board_files/genesys2/H/board.xml as part xc7k325tffg900-2 specified in board_part file is either invalid or not available
WARNING: [Board 49-26] cannot add Board Part digilentinc.com:nexys-a7-100t:part0:1.0 available at C:/Xilinx/Vivado/2020.1/data/boards/board_files/nexys-a7-100t/D.0/1.0/board.xml as part xc7a100tcsg324-1 specified in board_part file is either invalid or not available
WARNING: [Board 49-26] cannot add Board Part digilentinc.com:nexys-a7-100t:part0:1.3 available at C:/Xilinx/Vivado/2020.1/data/boards/board_files/nexys-a7-100t/D.0/1.3/board.xml as part xc7a100tcsg324-1 specified in board_part file is either invalid or not available
WARNING: [Board 49-26] cannot add Board Part digilentinc.com:nexys-a7-50t:part0:1.0 available at C:/Xilinx/Vivado/2020.1/data/boards/board_files/nexys-a7-50t/D.0/1.0/board.xml as part xc7a50ticsg324-1l specified in board_part file is either invalid or not available
WARNING: [Board 49-26] cannot add Board Part digilentinc.com:nexys-a7-50t:part0:1.3 available at C:/Xilinx/Vivado/2020.1/data/boards/board_files/nexys-a7-50t/D.0/1.3/board.xml as part xc7a50ticsg324-1l specified in board_part file is either invalid or not available
WARNING: [Board 49-26] cannot add Board Part digilentinc.com:nexys4:part0:1.1 available at C:/Xilinx/Vivado/2020.1/data/boards/board_files/nexys4/B.1/board.xml as part xc7a100tcsg324-1 specified in board_part file is either invalid or not available
WARNING: [Board 49-26] cannot add Board Part digilentinc.com:nexys4_ddr:part0:1.1 available at C:/Xilinx/Vivado/2020.1/data/boards/board_files/nexys4_ddr/C.1/board.xml as part xc7a100tcsg324-1 specified in board_part file is either invalid or not available
WARNING: [Board 49-26] cannot add Board Part digilentinc.com:nexys_video:part0:1.1 available at C:/Xilinx/Vivado/2020.1/data/boards/board_files/nexys_video/A.0/1.1/board.xml as part xc7a200tsbg484-1 specified in board_part file is either invalid or not available
WARNING: [Board 49-26] cannot add Board Part digilentinc.com:nexys_video:part0:1.2 available at C:/Xilinx/Vivado/2020.1/data/boards/board_files/nexys_video/A.0/1.2/board.xml as part xc7a200tsbg484-1 specified in board_part file is either invalid or not available
WARNING: [Board 49-26] cannot add Board Part digilentinc.com:sword:part0:1.0 available at C:/Xilinx/Vivado/2020.1/data/boards/board_files/sword/C.0/board.xml as part xc7k325tffg900-2 specified in board_part file is either invalid or not available
WARNING: [Board 49-26] cannot add Board Part digilentinc.com:usb104-a7:part0:1.0 available at C:/Xilinx/Vivado/2020.1/data/boards/board_files/usb104-a7/B/1.0/board.xml as part xc7a100tcsg324-1 specified in board_part file is either invalid or not available
WARNING: [Board 49-26] cannot add Board Part digilentinc.com:usb104-a7:part0:1.1 available at C:/Xilinx/Vivado/2020.1/data/boards/board_files/usb104-a7/B/1.1/board.xml as part xc7a100tcsg324-1 specified in board_part file is either invalid or not available
WARNING: [Board 49-26] cannot add Board Part digilentinc.com:usb104-a7:part0:1.2 available at C:/Xilinx/Vivado/2020.1/data/boards/board_files/usb104-a7/B/1.2/board.xml as part xc7a100tcsg324-1 specified in board_part file is either invalid or not available
WARNING: [Board 49-26] cannot add Board Part digilentinc.com:usb104-a7:part0:1.3 available at C:/Xilinx/Vivado/2020.1/data/boards/board_files/usb104-a7/B/1.3/board.xml as part xc7a100tcsg324-1 specified in board_part file is either invalid or not available
WARNING: [Board 49-26] cannot add Board Part xilinx.com:kcu1500:part0:1.0 available at C:/Xilinx/Vivado/2020.1/data/boards/board_files/kcu1500/1.0/board.xml as part xcku115-flvb2104-2-e specified in board_part file is either invalid or not available
WARNING: [Board 49-26] cannot add Board Part xilinx.com:kcu1500:part0:1.1 available at C:/Xilinx/Vivado/2020.1/data/boards/board_files/kcu1500/1.1/board.xml as part xcku115-flvb2104-2-e specified in board_part file is either invalid or not available
WARNING: [Board 49-26] cannot add Board Part xilinx.com:kcu1500:part0:1.2 available at C:/Xilinx/Vivado/2020.1/data/boards/board_files/kcu1500/1.2/board.xml as part xcku115-flvb2104-2-e specified in board_part file is either invalid or not available
WARNING: [Board 49-26] cannot add Board Part digilentinc.com:arty-a7-100:part0:1.0 available at C:/Xilinx/Vivado/2020.1/data/boards/board_files/arty-a7-100/E.0/1.0/board.xml as part xc7a100tcsg324-1 specified in board_part file is either invalid or not available
WARNING: [Board 49-26] cannot add Board Part digilentinc.com:arty-a7-100:part0:1.1 available at C:/Xilinx/Vivado/2020.1/data/boards/board_files/arty-a7-100/E.0/1.1/board.xml as part xc7a100tcsg324-1 specified in board_part file is either invalid or not available
WARNING: [Board 49-26] cannot add Board Part digilentinc.com:arty-a7-35:part0:1.0 available at C:/Xilinx/Vivado/2020.1/data/boards/board_files/arty-a7-35/E.0/1.0/board.xml as part xc7a35ticsg324-1l specified in board_part file is either invalid or not available
WARNING: [Board 49-26] cannot add Board Part digilentinc.com:arty-a7-35:part0:1.1 available at C:/Xilinx/Vivado/2020.1/data/boards/board_files/arty-a7-35/E.0/1.1/board.xml as part xc7a35ticsg324-1l specified in board_part file is either invalid or not available
WARNING: [Board 49-26] cannot add Board Part digilentinc.com:arty-s7-25:part0:1.1 available at C:/Xilinx/Vivado/2020.1/data/boards/board_files/arty-s7-25/E.0/board.xml as part xc7s25csga324-1 specified in board_part file is either invalid or not available
WARNING: [Board 49-26] cannot add Board Part digilentinc.com:arty-s7-50:part0:1.1 available at C:/Xilinx/Vivado/2020.1/data/boards/board_files/arty-s7-50/B.0/board.xml as part xc7s50csga324-1 specified in board_part file is either invalid or not available
WARNING: [Board 49-26] cannot add Board Part digilentinc.com:arty:part0:1.1 available at C:/Xilinx/Vivado/2020.1/data/boards/board_files/arty/C.0/board.xml as part xc7a35ticsg324-1l specified in board_part file is either invalid or not available
WARNING: [Board 49-26] cannot add Board Part digilentinc.com:basys3:part0:1.2 available at C:/Xilinx/Vivado/2020.1/data/boards/board_files/basys3/C.0/board.xml as part xc7a35tcpg236-1 specified in board_part file is either invalid or not available
WARNING: [Board 49-26] cannot add Board Part digilentinc.com:cmod-s7-25:part0:1.0 available at C:/Xilinx/Vivado/2020.1/data/boards/board_files/cmod-s7-25/B.0/board.xml as part xc7s25csga225-1 specified in board_part file is either invalid or not available
WARNING: [Board 49-26] cannot add Board Part digilentinc.com:cmod_a7-15t:part0:1.2 available at C:/Xilinx/Vivado/2020.1/data/boards/board_files/cmod_a7-15t/B.0/board.xml as part xc7a15tcpg236-1 specified in board_part file is either invalid or not available
WARNING: [Board 49-26] cannot add Board Part digilentinc.com:cmod_a7-35t:part0:1.2 available at C:/Xilinx/Vivado/2020.1/data/boards/board_files/cmod_a7-35t/B.0/board.xml as part xc7a35tcpg236-1 specified in board_part file is either invalid or not available
WARNING: [Board 49-26] cannot add Board Part digilentinc.com:genesys2:part0:1.1 available at C:/Xilinx/Vivado/2020.1/data/boards/board_files/genesys2/H/board.xml as part xc7k325tffg900-2 specified in board_part file is either invalid or not available
WARNING: [Board 49-26] cannot add Board Part digilentinc.com:nexys-a7-100t:part0:1.0 available at C:/Xilinx/Vivado/2020.1/data/boards/board_files/nexys-a7-100t/D.0/1.0/board.xml as part xc7a100tcsg324-1 specified in board_part file is either invalid or not available
WARNING: [Board 49-26] cannot add Board Part digilentinc.com:nexys-a7-100t:part0:1.3 available at C:/Xilinx/Vivado/2020.1/data/boards/board_files/nexys-a7-100t/D.0/1.3/board.xml as part xc7a100tcsg324-1 specified in board_part file is either invalid or not available
WARNING: [Board 49-26] cannot add Board Part digilentinc.com:nexys-a7-50t:part0:1.0 available at C:/Xilinx/Vivado/2020.1/data/boards/board_files/nexys-a7-50t/D.0/1.0/board.xml as part xc7a50ticsg324-1l specified in board_part file is either invalid or not available
WARNING: [Board 49-26] cannot add Board Part digilentinc.com:nexys-a7-50t:part0:1.3 available at C:/Xilinx/Vivado/2020.1/data/boards/board_files/nexys-a7-50t/D.0/1.3/board.xml as part xc7a50ticsg324-1l specified in board_part file is either invalid or not available
INFO: [Common 17-14] Message 'Board 49-26' appears 100 times and further instances of the messages will be disabled. Use the Tcl command set_msg_config to change the current settings.
create_project AY3_wrapper C:/Users/crist/Desktop/SEP/AYUDANTIA/AY3_wrapper -part xc7z010clg400-1
INFO: [IP_Flow 19-234] Refreshing IP repositories
INFO: [IP_Flow 19-1704] No user IP repositories specified
INFO: [IP_Flow 19-2313] Loaded Vivado IP repository 'C:/Xilinx/Vivado/2020.1/data/ip'.
create_project: Time (s): cpu = 00:00:04 ; elapsed = 00:00:05 . Memory (MB): peak = 2588.773 ; gain = 0.000
set_property board_part digilentinc.com:zybo-z7-10:part0:1.1 [current_project]
set_property target_language VHDL [current_project]
import_files -fileset constrs_1 -force -norecurse C:/Users/crist/Downloads/Zybo-Z7-Master.xdc
create_bd_design "design_1"
Wrote  : <C:\Users\crist\Desktop\SEP\AYUDANTIA\AY3_wrapper\AY3_wrapper.srcs\sources_1\bd\design_1\design_1.bd> 
create_bd_design: Time (s): cpu = 00:00:05 ; elapsed = 00:00:09 . Memory (MB): peak = 2637.035 ; gain = 48.262
update_compile_order -fileset sources_1
set_property  ip_repo_paths  {C:/Users/crist/Downloads C:/Users/crist/Desktop/SEP/AYUDANTIA/ALU C:/Users/crist/Desktop/SEP/AYUDANTIA/RAM2 C:/Users/crist/Desktop/SEP/AYUDANTIA/control_unit C:/Users/crist/Desktop/SEP/AYUDANTIA/instr_mem C:/Users/crist/Desktop/SEP/AYUDANTIA/prog_mem} [current_project]
update_ip_catalog
INFO: [IP_Flow 19-234] Refreshing IP repositories
INFO: [IP_Flow 19-1700] Loaded user IP repository 'c:/Users/crist/Downloads'.
INFO: [IP_Flow 19-1700] Loaded user IP repository 'c:/Users/crist/Desktop/SEP/AYUDANTIA/ALU'.
INFO: [IP_Flow 19-1700] Loaded user IP repository 'c:/Users/crist/Desktop/SEP/AYUDANTIA/RAM2'.
INFO: [IP_Flow 19-1700] Loaded user IP repository 'c:/Users/crist/Desktop/SEP/AYUDANTIA/control_unit'.
INFO: [IP_Flow 19-1700] Loaded user IP repository 'c:/Users/crist/Desktop/SEP/AYUDANTIA/instr_mem'.
INFO: [IP_Flow 19-1700] Loaded user IP repository 'c:/Users/crist/Desktop/SEP/AYUDANTIA/prog_mem'.
update_ip_catalog -rebuild
INFO: [IP_Flow 19-234] Refreshing IP repositories
INFO: [IP_Flow 19-1700] Loaded user IP repository 'c:/Users/crist/Downloads'.
INFO: [IP_Flow 19-1700] Loaded user IP repository 'c:/Users/crist/Desktop/SEP/AYUDANTIA/ALU'.
INFO: [IP_Flow 19-1700] Loaded user IP repository 'c:/Users/crist/Desktop/SEP/AYUDANTIA/RAM2'.
INFO: [IP_Flow 19-1700] Loaded user IP repository 'c:/Users/crist/Desktop/SEP/AYUDANTIA/control_unit'.
INFO: [IP_Flow 19-1700] Loaded user IP repository 'c:/Users/crist/Desktop/SEP/AYUDANTIA/instr_mem'.
INFO: [IP_Flow 19-1700] Loaded user IP repository 'c:/Users/crist/Desktop/SEP/AYUDANTIA/prog_mem'.
update_ip_catalog -rebuild
INFO: [IP_Flow 19-234] Refreshing IP repositories
INFO: [IP_Flow 19-1700] Loaded user IP repository 'c:/Users/crist/Downloads'.
INFO: [IP_Flow 19-1700] Loaded user IP repository 'c:/Users/crist/Desktop/SEP/AYUDANTIA/ALU'.
INFO: [IP_Flow 19-1700] Loaded user IP repository 'c:/Users/crist/Desktop/SEP/AYUDANTIA/RAM2'.
INFO: [IP_Flow 19-1700] Loaded user IP repository 'c:/Users/crist/Desktop/SEP/AYUDANTIA/control_unit'.
INFO: [IP_Flow 19-1700] Loaded user IP repository 'c:/Users/crist/Desktop/SEP/AYUDANTIA/instr_mem'.
INFO: [IP_Flow 19-1700] Loaded user IP repository 'c:/Users/crist/Desktop/SEP/AYUDANTIA/prog_mem'.
WARNING: [filemgmt 56-199] Attempt to get parsing info during refresh. "On-the-fly" syntax checking information may be incorrect. [C:\Users\crist\Desktop\SEP\AYUDANTIA\ALU\ALU.srcs\sources_1\new\ALU.vhd:]
WARNING: [filemgmt 56-199] Attempt to get parsing info during refresh. "On-the-fly" syntax checking information may be incorrect. [C:\Users\crist\Desktop\SEP\AYUDANTIA\ALU\ALU.srcs\sim_1\new\ALU_tb.vhd:]
WARNING: [filemgmt 56-199] Attempt to get parsing info during refresh. "On-the-fly" syntax checking information may be incorrect. [C:\Users\crist\Desktop\SEP\AYUDANTIA\control_unit\control_unit.srcs\sim_1\new\control_unit_tb.vhd:]
WARNING: [filemgmt 56-199] Attempt to get parsing info during refresh. "On-the-fly" syntax checking information may be incorrect. [C:\Users\crist\Desktop\SEP\AYUDANTIA\control_unit\control_unit.srcs\sources_1\new\control_unit.vhd:]
ERROR: [Common 17-180] Spawn failed: No error
ERROR: [Common 17-180] Spawn failed: No error
set_property  ip_repo_paths  {c:/Users/crist/Downloads c:/Users/crist/Desktop/SEP/AYUDANTIA/ALU c:/Users/crist/Desktop/SEP/AYUDANTIA/control_unit} [current_project]
update_ip_catalog
INFO: [IP_Flow 19-234] Refreshing IP repositories
INFO: [IP_Flow 19-1700] Loaded user IP repository 'c:/Users/crist/Downloads'.
INFO: [IP_Flow 19-1700] Loaded user IP repository 'c:/Users/crist/Desktop/SEP/AYUDANTIA/ALU'.
INFO: [IP_Flow 19-1700] Loaded user IP repository 'c:/Users/crist/Desktop/SEP/AYUDANTIA/control_unit'.
set_property  ip_repo_paths  {c:/Users/crist/Downloads c:/Users/crist/Desktop/SEP/AYUDANTIA/ALU c:/Users/crist/Desktop/SEP/AYUDANTIA/control_unit C:/Users/crist/Desktop/SEP/AYUDANTIA/RAM2 C:/Users/crist/Desktop/SEP/AYUDANTIA/instr_mem C:/Users/crist/Desktop/SEP/AYUDANTIA/prog_mem} [current_project]
update_ip_catalog
INFO: [IP_Flow 19-234] Refreshing IP repositories
INFO: [IP_Flow 19-1700] Loaded user IP repository 'c:/Users/crist/Downloads'.
INFO: [IP_Flow 19-1700] Loaded user IP repository 'c:/Users/crist/Desktop/SEP/AYUDANTIA/ALU'.
INFO: [IP_Flow 19-1700] Loaded user IP repository 'c:/Users/crist/Desktop/SEP/AYUDANTIA/control_unit'.
INFO: [IP_Flow 19-1700] Loaded user IP repository 'c:/Users/crist/Desktop/SEP/AYUDANTIA/RAM2'.
INFO: [IP_Flow 19-1700] Loaded user IP repository 'c:/Users/crist/Desktop/SEP/AYUDANTIA/instr_mem'.
INFO: [IP_Flow 19-1700] Loaded user IP repository 'c:/Users/crist/Desktop/SEP/AYUDANTIA/prog_mem'.
set_property  ip_repo_paths  {c:/Users/crist/Downloads c:/Users/crist/Desktop/SEP/AYUDANTIA/ALU c:/Users/crist/Desktop/SEP/AYUDANTIA/control_unit} [current_project]
update_ip_catalog
INFO: [IP_Flow 19-234] Refreshing IP repositories
INFO: [IP_Flow 19-1700] Loaded user IP repository 'c:/Users/crist/Downloads'.
INFO: [IP_Flow 19-1700] Loaded user IP repository 'c:/Users/crist/Desktop/SEP/AYUDANTIA/ALU'.
INFO: [IP_Flow 19-1700] Loaded user IP repository 'c:/Users/crist/Desktop/SEP/AYUDANTIA/control_unit'.
set_property  ip_repo_paths  {c:/Users/crist/Downloads C:/Users/crist/Desktop/SEP/AYUDANTIA/RAM2 C:/Users/crist/Desktop/SEP/AYUDANTIA/instr_mem C:/Users/crist/Desktop/SEP/AYUDANTIA/prog_mem c:/Users/crist/Desktop/SEP/AYUDANTIA/ALU c:/Users/crist/Desktop/SEP/AYUDANTIA/control_unit} [current_project]
update_ip_catalog
INFO: [IP_Flow 19-234] Refreshing IP repositories
INFO: [IP_Flow 19-1700] Loaded user IP repository 'c:/Users/crist/Downloads'.
INFO: [IP_Flow 19-1700] Loaded user IP repository 'c:/Users/crist/Desktop/SEP/AYUDANTIA/RAM2'.
INFO: [IP_Flow 19-1700] Loaded user IP repository 'c:/Users/crist/Desktop/SEP/AYUDANTIA/instr_mem'.
INFO: [IP_Flow 19-1700] Loaded user IP repository 'c:/Users/crist/Desktop/SEP/AYUDANTIA/prog_mem'.
INFO: [IP_Flow 19-1700] Loaded user IP repository 'c:/Users/crist/Desktop/SEP/AYUDANTIA/ALU'.
INFO: [IP_Flow 19-1700] Loaded user IP repository 'c:/Users/crist/Desktop/SEP/AYUDANTIA/control_unit'.
startgroup
create_bd_cell -type ip -vlnv xilinx.com:user:ALU:1.0 ALU_0
endgroup
startgroup
create_bd_cell -type ip -vlnv xilinx.com:user:RAM2:1.0 RAM2_0
endgroup
startgroup
create_bd_cell -type ip -vlnv xilinx.com:user:prog_mem:1.0 prog_mem_0
endgroup
startgroup
create_bd_cell -type ip -vlnv xilinx.com:user:instr_mem:1.0 instr_mem_0
endgroup
startgroup
create_bd_cell -type ip -vlnv xilinx.com:user:control_unit:1.0 control_unit_0
endgroup
set_property location {2.5 591 260} [get_bd_cells control_unit_0]
set_property location {0.5 -113 167} [get_bd_cells RAM2_0]
set_property location {1.5 0 292} [get_bd_cells instr_mem_0]
set_property location {2 45 422} [get_bd_cells prog_mem_0]
set_property location {1 -157 306} [get_bd_cells prog_mem_0]
connect_bd_net [get_bd_pins RAM2_0/data_out] [get_bd_pins ALU_0/a]
connect_bd_net [get_bd_pins prog_mem_0/address] [get_bd_pins instr_mem_0/address]
connect_bd_net [get_bd_pins instr_mem_0/data_out] [get_bd_pins ALU_0/instr]
connect_bd_net [get_bd_pins prog_mem_0/PC] [get_bd_pins control_unit_0/pc]
connect_bd_net [get_bd_pins ALU_0/finish] [get_bd_pins control_unit_0/alu_flag]
startgroup
make_bd_pins_external  [get_bd_pins ALU_0/clk]
endgroup
connect_bd_net [get_bd_ports clk_0] [get_bd_pins control_unit_0/clk]
regenerate_bd_layout
startgroup
make_bd_pins_external  [get_bd_pins ALU_0/y]
endgroup
set_property name leds [get_bd_ports y_0]
startgroup
make_bd_pins_external  [get_bd_pins RAM2_0/address]
endgroup
set_property name address_ram [get_bd_ports address_0]
startgroup
make_bd_pins_external  [get_bd_pins ALU_0/b]
endgroup
set_property name b [get_bd_ports b_0]
set_property name clk [get_bd_ports clk_0]
regenerate_bd_layout
regenerate_bd_layout
delete_bd_objs [get_bd_nets address_0_1]
delete_bd_objs [get_bd_ports address_ram]
delete_bd_objs [get_bd_nets b_0_1] [get_bd_ports b]
regenerate_bd_layout
save_bd_design
Wrote  : <C:\Users\crist\Desktop\SEP\AYUDANTIA\AY3_wrapper\AY3_wrapper.srcs\sources_1\bd\design_1\design_1.bd> 
Wrote  : <C:/Users/crist/Desktop/SEP/AYUDANTIA/AY3_wrapper/AY3_wrapper.srcs/sources_1/bd/design_1/ui/bd_1f5defd0.ui> 
make_wrapper -files [get_files C:/Users/crist/Desktop/SEP/AYUDANTIA/AY3_wrapper/AY3_wrapper.srcs/sources_1/bd/design_1/design_1.bd] -top
Wrote  : <C:\Users\crist\Desktop\SEP\AYUDANTIA\AY3_wrapper\AY3_wrapper.srcs\sources_1\bd\design_1\design_1.bd> 
VHDL Output written to : C:/Users/crist/Desktop/SEP/AYUDANTIA/AY3_wrapper/AY3_wrapper.srcs/sources_1/bd/design_1/synth/design_1.vhd
VHDL Output written to : C:/Users/crist/Desktop/SEP/AYUDANTIA/AY3_wrapper/AY3_wrapper.srcs/sources_1/bd/design_1/sim/design_1.vhd
VHDL Output written to : C:/Users/crist/Desktop/SEP/AYUDANTIA/AY3_wrapper/AY3_wrapper.srcs/sources_1/bd/design_1/hdl/design_1_wrapper.vhd
add_files -norecurse C:/Users/crist/Desktop/SEP/AYUDANTIA/AY3_wrapper/AY3_wrapper.srcs/sources_1/bd/design_1/hdl/design_1_wrapper.vhd
file mkdir C:/Users/crist/Desktop/SEP/AYUDANTIA/AY3_wrapper/AY3_wrapper.srcs/sim_1/new
set_property SOURCE_SET sources_1 [get_filesets sim_1]
close [ open C:/Users/crist/Desktop/SEP/AYUDANTIA/AY3_wrapper/AY3_wrapper.srcs/sim_1/new/design_1_wrapper_tb.vhd w ]
add_files -fileset sim_1 C:/Users/crist/Desktop/SEP/AYUDANTIA/AY3_wrapper/AY3_wrapper.srcs/sim_1/new/design_1_wrapper_tb.vhd
update_compile_order -fileset sim_1
update_compile_order -fileset sim_1
generate_target Simulation [get_files C:/Users/crist/Desktop/SEP/AYUDANTIA/AY3_wrapper/AY3_wrapper.srcs/sources_1/bd/design_1/design_1.bd]
INFO: [BD 41-1662] The design 'design_1.bd' is already validated. Therefore parameter propagation will not be re-run.
Wrote  : <C:\Users\crist\Desktop\SEP\AYUDANTIA\AY3_wrapper\AY3_wrapper.srcs\sources_1\bd\design_1\design_1.bd> 
Wrote  : <C:/Users/crist/Desktop/SEP/AYUDANTIA/AY3_wrapper/AY3_wrapper.srcs/sources_1/bd/design_1/ui/bd_1f5defd0.ui> 
VHDL Output written to : C:/Users/crist/Desktop/SEP/AYUDANTIA/AY3_wrapper/AY3_wrapper.srcs/sources_1/bd/design_1/synth/design_1.vhd
VHDL Output written to : C:/Users/crist/Desktop/SEP/AYUDANTIA/AY3_wrapper/AY3_wrapper.srcs/sources_1/bd/design_1/sim/design_1.vhd
VHDL Output written to : C:/Users/crist/Desktop/SEP/AYUDANTIA/AY3_wrapper/AY3_wrapper.srcs/sources_1/bd/design_1/hdl/design_1_wrapper.vhd
INFO: [BD 41-1029] Generation completed for the IP Integrator block ALU_0 .
INFO: [BD 41-1029] Generation completed for the IP Integrator block RAM2_0 .
INFO: [BD 41-1029] Generation completed for the IP Integrator block prog_mem_0 .
INFO: [BD 41-1029] Generation completed for the IP Integrator block instr_mem_0 .
INFO: [BD 41-1029] Generation completed for the IP Integrator block control_unit_0 .
Exporting to file C:/Users/crist/Desktop/SEP/AYUDANTIA/AY3_wrapper/AY3_wrapper.srcs/sources_1/bd/design_1/hw_handoff/design_1.hwh
Generated Block Design Tcl file C:/Users/crist/Desktop/SEP/AYUDANTIA/AY3_wrapper/AY3_wrapper.srcs/sources_1/bd/design_1/hw_handoff/design_1_bd.tcl
Generated Hardware Definition File C:/Users/crist/Desktop/SEP/AYUDANTIA/AY3_wrapper/AY3_wrapper.srcs/sources_1/bd/design_1/synth/design_1.hwdef
export_ip_user_files -of_objects [get_files C:/Users/crist/Desktop/SEP/AYUDANTIA/AY3_wrapper/AY3_wrapper.srcs/sources_1/bd/design_1/design_1.bd] -no_script -sync -force -quiet
export_simulation -of_objects [get_files C:/Users/crist/Desktop/SEP/AYUDANTIA/AY3_wrapper/AY3_wrapper.srcs/sources_1/bd/design_1/design_1.bd] -directory C:/Users/crist/Desktop/SEP/AYUDANTIA/AY3_wrapper/AY3_wrapper.ip_user_files/sim_scripts -ip_user_files_dir C:/Users/crist/Desktop/SEP/AYUDANTIA/AY3_wrapper/AY3_wrapper.ip_user_files -ipstatic_source_dir C:/Users/crist/Desktop/SEP/AYUDANTIA/AY3_wrapper/AY3_wrapper.ip_user_files/ipstatic -lib_map_path [list {modelsim=C:/Users/crist/Desktop/SEP/AYUDANTIA/AY3_wrapper/AY3_wrapper.cache/compile_simlib/modelsim} {questa=C:/Users/crist/Desktop/SEP/AYUDANTIA/AY3_wrapper/AY3_wrapper.cache/compile_simlib/questa} {riviera=C:/Users/crist/Desktop/SEP/AYUDANTIA/AY3_wrapper/AY3_wrapper.cache/compile_simlib/riviera} {activehdl=C:/Users/crist/Desktop/SEP/AYUDANTIA/AY3_wrapper/AY3_wrapper.cache/compile_simlib/activehdl}] -use_ip_compiled_libs -force -quiet
launch_simulation
Command: launch_simulation 
INFO: [Vivado 12-5682] Launching behavioral simulation in 'C:/Users/crist/Desktop/SEP/AYUDANTIA/AY3_wrapper/AY3_wrapper.sim/sim_1/behav/xsim'
INFO: [Vivado 12-4795] Using compiled simulation libraries for IPs
INFO: [SIM-utils-51] Simulation object is 'sim_1'
INFO: [USF-XSim-7] Finding pre-compiled libraries...
INFO: [USF-XSim-11] File 'C:/Xilinx/Vivado/2020.1/data/xsim/xsim.ini' copied to run dir:'C:/Users/crist/Desktop/SEP/AYUDANTIA/AY3_wrapper/AY3_wrapper.sim/sim_1/behav/xsim'
INFO: [SIM-utils-54] Inspecting design source files for 'design_1_wrapper_tb' in fileset 'sim_1'...
INFO: [USF-XSim-97] Finding global include files...
INFO: [USF-XSim-98] Fetching design files from 'sim_1'...
INFO: [USF-XSim-2] XSim::Compile design
INFO: [USF-XSim-61] Executing 'COMPILE and ANALYZE' step in 'C:/Users/crist/Desktop/SEP/AYUDANTIA/AY3_wrapper/AY3_wrapper.sim/sim_1/behav/xsim'
"xvhdl --incr --relax -prj design_1_wrapper_tb_vhdl.prj"
INFO: [VRFC 10-163] Analyzing VHDL file "C:/Users/crist/Desktop/SEP/AYUDANTIA/AY3_wrapper/AY3_wrapper.ip_user_files/bd/design_1/ipshared/4dbd/sources_1/new/ALU.vhd" into library xil_defaultlib
INFO: [VRFC 10-3107] analyzing entity 'ALU'
INFO: [VRFC 10-163] Analyzing VHDL file "C:/Users/crist/Desktop/SEP/AYUDANTIA/AY3_wrapper/AY3_wrapper.ip_user_files/bd/design_1/ip/design_1_ALU_0_0/sim/design_1_ALU_0_0.vhd" into library xil_defaultlib
INFO: [VRFC 10-3107] analyzing entity 'design_1_ALU_0_0'
INFO: [VRFC 10-163] Analyzing VHDL file "C:/Users/crist/Desktop/SEP/AYUDANTIA/AY3_wrapper/AY3_wrapper.ip_user_files/bd/design_1/ipshared/cfa6/sources_1/new/RAM2.vhd" into library xil_defaultlib
INFO: [VRFC 10-3107] analyzing entity 'RAM2'
INFO: [VRFC 10-163] Analyzing VHDL file "C:/Users/crist/Desktop/SEP/AYUDANTIA/AY3_wrapper/AY3_wrapper.ip_user_files/bd/design_1/ip/design_1_RAM2_0_0/sim/design_1_RAM2_0_0.vhd" into library xil_defaultlib
INFO: [VRFC 10-3107] analyzing entity 'design_1_RAM2_0_0'
INFO: [VRFC 10-163] Analyzing VHDL file "C:/Users/crist/Desktop/SEP/AYUDANTIA/AY3_wrapper/AY3_wrapper.ip_user_files/bd/design_1/ipshared/d19e/sources_1/new/prog_mem.vhd" into library xil_defaultlib
INFO: [VRFC 10-3107] analyzing entity 'prog_mem'
INFO: [VRFC 10-163] Analyzing VHDL file "C:/Users/crist/Desktop/SEP/AYUDANTIA/AY3_wrapper/AY3_wrapper.ip_user_files/bd/design_1/ip/design_1_prog_mem_0_0/sim/design_1_prog_mem_0_0.vhd" into library xil_defaultlib
INFO: [VRFC 10-3107] analyzing entity 'design_1_prog_mem_0_0'
INFO: [VRFC 10-163] Analyzing VHDL file "C:/Users/crist/Desktop/SEP/AYUDANTIA/AY3_wrapper/AY3_wrapper.ip_user_files/bd/design_1/ipshared/78d6/sources_1/new/instr_mem.vhd" into library xil_defaultlib
INFO: [VRFC 10-3107] analyzing entity 'instr_mem'
INFO: [VRFC 10-163] Analyzing VHDL file "C:/Users/crist/Desktop/SEP/AYUDANTIA/AY3_wrapper/AY3_wrapper.ip_user_files/bd/design_1/ip/design_1_instr_mem_0_0/sim/design_1_instr_mem_0_0.vhd" into library xil_defaultlib
INFO: [VRFC 10-3107] analyzing entity 'design_1_instr_mem_0_0'
INFO: [VRFC 10-163] Analyzing VHDL file "C:/Users/crist/Desktop/SEP/AYUDANTIA/AY3_wrapper/AY3_wrapper.ip_user_files/bd/design_1/ipshared/0a9b/sources_1/new/control_unit.vhd" into library xil_defaultlib
INFO: [VRFC 10-3107] analyzing entity 'control_unit'
INFO: [VRFC 10-163] Analyzing VHDL file "C:/Users/crist/Desktop/SEP/AYUDANTIA/AY3_wrapper/AY3_wrapper.ip_user_files/bd/design_1/ip/design_1_control_unit_0_0/sim/design_1_control_unit_0_0.vhd" into library xil_defaultlib
INFO: [VRFC 10-3107] analyzing entity 'design_1_control_unit_0_0'
INFO: [VRFC 10-163] Analyzing VHDL file "C:/Users/crist/Desktop/SEP/AYUDANTIA/AY3_wrapper/AY3_wrapper.ip_user_files/bd/design_1/sim/design_1.vhd" into library xil_defaultlib
INFO: [VRFC 10-3107] analyzing entity 'design_1'
INFO: [VRFC 10-163] Analyzing VHDL file "C:/Users/crist/Desktop/SEP/AYUDANTIA/AY3_wrapper/AY3_wrapper.srcs/sources_1/bd/design_1/hdl/design_1_wrapper.vhd" into library xil_defaultlib
INFO: [VRFC 10-3107] analyzing entity 'design_1_wrapper'
INFO: [VRFC 10-163] Analyzing VHDL file "C:/Users/crist/Desktop/SEP/AYUDANTIA/AY3_wrapper/AY3_wrapper.srcs/sim_1/new/design_1_wrapper_tb.vhd" into library xil_defaultlib
INFO: [VRFC 10-3107] analyzing entity 'design_1_wrapper_tb'
INFO: [USF-XSim-69] 'compile' step finished in '4' seconds
INFO: [USF-XSim-3] XSim::Elaborate design
INFO: [USF-XSim-61] Executing 'ELABORATE' step in 'C:/Users/crist/Desktop/SEP/AYUDANTIA/AY3_wrapper/AY3_wrapper.sim/sim_1/behav/xsim'
"xelab -wto 370cfc89000345bfa57ad2d7865e70b6 --incr --debug typical --relax --mt 2 -L xil_defaultlib -L secureip -L xpm --snapshot design_1_wrapper_tb_behav xil_defaultlib.design_1_wrapper_tb -log elaborate.log"
Vivado Simulator 2020.1
Copyright 1986-1999, 2001-2020 Xilinx, Inc. All Rights Reserved.
Running: C:/Xilinx/Vivado/2020.1/bin/unwrapped/win64.o/xelab.exe -wto 370cfc89000345bfa57ad2d7865e70b6 --incr --debug typical --relax --mt 2 -L xil_defaultlib -L secureip -L xpm --snapshot design_1_wrapper_tb_behav xil_defaultlib.design_1_wrapper_tb -log elaborate.log 
Using 2 slave threads.
Starting static elaboration
Completed static elaboration
Starting simulation data flow analysis
Completed simulation data flow analysis
Time Resolution for simulation is 1ps
Compiling package std.standard
Compiling package std.textio
Compiling package ieee.std_logic_1164
Compiling package ieee.numeric_std
Compiling package unisim.vcomponents
Compiling package ieee.std_logic_arith
Compiling package ieee.std_logic_unsigned
Compiling architecture behavioral of entity xil_defaultlib.ALU [alu_default]
Compiling architecture design_1_alu_0_0_arch of entity xil_defaultlib.design_1_ALU_0_0 [design_1_alu_0_0_default]
Compiling architecture behavioral of entity xil_defaultlib.RAM2 [ram2_default]
Compiling architecture design_1_ram2_0_0_arch of entity xil_defaultlib.design_1_RAM2_0_0 [design_1_ram2_0_0_default]
Compiling architecture behavioral of entity xil_defaultlib.control_unit [control_unit_default]
Compiling architecture design_1_control_unit_0_0_arch of entity xil_defaultlib.design_1_control_unit_0_0 [design_1_control_unit_0_0_defaul...]
Compiling architecture behavioral of entity xil_defaultlib.instr_mem [instr_mem_default]
Compiling architecture design_1_instr_mem_0_0_arch of entity xil_defaultlib.design_1_instr_mem_0_0 [design_1_instr_mem_0_0_default]
Compiling architecture behavioral of entity xil_defaultlib.prog_mem [prog_mem_default]
Compiling architecture design_1_prog_mem_0_0_arch of entity xil_defaultlib.design_1_prog_mem_0_0 [design_1_prog_mem_0_0_default]
Compiling architecture structure of entity xil_defaultlib.design_1 [design_1_default]
Compiling architecture structure of entity xil_defaultlib.design_1_wrapper [design_1_wrapper_default]
Compiling architecture bench of entity xil_defaultlib.design_1_wrapper_tb
Built simulation snapshot design_1_wrapper_tb_behav

****** Webtalk v2020.1 (64-bit)
  **** SW Build 2902540 on Wed May 27 19:54:49 MDT 2020
  **** IP Build 2902112 on Wed May 27 22:43:36 MDT 2020
    ** Copyright 1986-2020 Xilinx, Inc. All Rights Reserved.

source C:/Users/crist/Desktop/SEP/AYUDANTIA/AY3_wrapper/AY3_wrapper.sim/sim_1/behav/xsim/xsim.dir/design_1_wrapper_tb_behav/webtalk/xsim_webtalk.tcl -notrace
INFO: [Common 17-206] Exiting Webtalk at Sat Aug 26 17:38:44 2023...
INFO: [USF-XSim-69] 'elaborate' step finished in '4' seconds
INFO: [USF-XSim-4] XSim::Simulate design
INFO: [USF-XSim-61] Executing 'SIMULATE' step in 'C:/Users/crist/Desktop/SEP/AYUDANTIA/AY3_wrapper/AY3_wrapper.sim/sim_1/behav/xsim'
INFO: [USF-XSim-98] *** Running xsim
   with args "design_1_wrapper_tb_behav -key {Behavioral:sim_1:Functional:design_1_wrapper_tb} -tclbatch {design_1_wrapper_tb.tcl} -protoinst "protoinst_files/design_1.protoinst" -log {simulate.log}"
INFO: [USF-XSim-8] Loading simulator feature
Vivado Simulator 2020.1
INFO: [Wavedata 42-565] Reading protoinst file protoinst_files/design_1.protoinst
Time resolution is 1 ps
source design_1_wrapper_tb.tcl
# set curr_wave [current_wave_config]
# if { [string length $curr_wave] == 0 } {
#   if { [llength [get_objects]] > 0} {
#     add_wave /
#     set_property needs_save false [current_wave_config]
#   } else {
#      send_msg_id Add_Wave-1 WARNING "No top level signals found. Simulator will start without a wave window. If you want to open a wave window go to 'File->New Waveform Configuration' or type 'create_wave_config' in the TCL console."
#   }
# }
# run 1000ns
INFO: [USF-XSim-96] XSim completed. Design snapshot 'design_1_wrapper_tb_behav' loaded.
INFO: [USF-XSim-97] XSim simulation ran for 1000ns
launch_simulation: Time (s): cpu = 00:00:02 ; elapsed = 00:00:12 . Memory (MB): peak = 2837.375 ; gain = 8.664
restart
INFO: [Simtcl 6-17] Simulation restarted
run 200 ns
open_bd_design {C:/Users/crist/Desktop/SEP/AYUDANTIA/AY3_wrapper/AY3_wrapper.srcs/sources_1/bd/design_1/design_1.bd}
open_bd_design {C:/Users/crist/Desktop/SEP/AYUDANTIA/AY3_wrapper/AY3_wrapper.srcs/sources_1/bd/design_1/design_1.bd}
set_property location {4.5 947 354} [get_bd_cells control_unit_0]
set_property location {0.5 184 229} [get_bd_cells RAM2_0]
set_property location {1 228 342} [get_bd_cells prog_mem_0]
set_property location {1.5 436 340} [get_bd_cells instr_mem_0]
set_property location {2.5 689 270} [get_bd_cells ALU_0]
set_property location {3.5 916 335} [get_bd_cells control_unit_0]
set_property location {4 908 149} [get_bd_cells control_unit_0]
set_property location {4 912 191} [get_bd_cells control_unit_0]
launch_runs impl_1 -to_step write_bitstream -jobs 6
INFO: [BD 41-1029] Generation completed for the IP Integrator block ALU_0 .
INFO: [BD 41-1029] Generation completed for the IP Integrator block RAM2_0 .
INFO: [BD 41-1029] Generation completed for the IP Integrator block prog_mem_0 .
INFO: [BD 41-1029] Generation completed for the IP Integrator block instr_mem_0 .
INFO: [BD 41-1029] Generation completed for the IP Integrator block control_unit_0 .
[Sat Aug 26 17:49:23 2023] Launched design_1_ALU_0_0_synth_1, design_1_instr_mem_0_0_synth_1, design_1_RAM2_0_0_synth_1, design_1_prog_mem_0_0_synth_1, design_1_control_unit_0_0_synth_1, synth_1...
Run output will be captured here:
design_1_ALU_0_0_synth_1: C:/Users/crist/Desktop/SEP/AYUDANTIA/AY3_wrapper/AY3_wrapper.runs/design_1_ALU_0_0_synth_1/runme.log
design_1_instr_mem_0_0_synth_1: C:/Users/crist/Desktop/SEP/AYUDANTIA/AY3_wrapper/AY3_wrapper.runs/design_1_instr_mem_0_0_synth_1/runme.log
design_1_RAM2_0_0_synth_1: C:/Users/crist/Desktop/SEP/AYUDANTIA/AY3_wrapper/AY3_wrapper.runs/design_1_RAM2_0_0_synth_1/runme.log
design_1_prog_mem_0_0_synth_1: C:/Users/crist/Desktop/SEP/AYUDANTIA/AY3_wrapper/AY3_wrapper.runs/design_1_prog_mem_0_0_synth_1/runme.log
design_1_control_unit_0_0_synth_1: C:/Users/crist/Desktop/SEP/AYUDANTIA/AY3_wrapper/AY3_wrapper.runs/design_1_control_unit_0_0_synth_1/runme.log
synth_1: C:/Users/crist/Desktop/SEP/AYUDANTIA/AY3_wrapper/AY3_wrapper.runs/synth_1/runme.log
[Sat Aug 26 17:49:24 2023] Launched impl_1...
Run output will be captured here: C:/Users/crist/Desktop/SEP/AYUDANTIA/AY3_wrapper/AY3_wrapper.runs/impl_1/runme.log
open_hw_manager
connect_hw_server -allow_non_jtag
INFO: [Labtools 27-2285] Connecting to hw_server url TCP:localhost:3121
INFO: [Labtools 27-2222] Launching hw_server...
INFO: [Labtools 27-2221] Launch Output:

****** Xilinx hw_server v2020.1
  **** Build date : May 27 2020 at 20:24:38
    ** Copyright 1986-2020 Xilinx, Inc. All Rights Reserved.


INFO: [Labtools 27-3415] Connecting to cs_server url TCP:localhost:3042
INFO: [Labtools 27-3417] Launching cs_server...
INFO: [Labtools 27-2221] Launch Output:


****** Xilinx cs_server v2020.1.0
  **** Build date : May 13 2020-21:10:29
    ** Copyright 2017-2020 Xilinx, Inc. All Rights Reserved.



connect_hw_server: Time (s): cpu = 00:00:00 ; elapsed = 00:00:08 . Memory (MB): peak = 2846.176 ; gain = 0.000
open_hw_target
INFO: [Labtoolstcl 44-466] Opening hw_target localhost:3121/xilinx_tcf/Digilent/210351B3FB94A
set_property PROGRAM.FILE {C:/Users/crist/Desktop/SEP/AYUDANTIA/AY3_wrapper/AY3_wrapper.runs/impl_1/design_1_wrapper.bit} [get_hw_devices xc7z010_1]
current_hw_device [get_hw_devices xc7z010_1]
refresh_hw_device -update_hw_probes false [lindex [get_hw_devices xc7z010_1] 0]
INFO: [Labtools 27-1435] Device xc7z010 (JTAG device index = 1) is not programmed (DONE status = 0).
set_property PROBES.FILE {} [get_hw_devices xc7z010_1]
set_property FULL_PROBES.FILE {} [get_hw_devices xc7z010_1]
set_property PROGRAM.FILE {C:/Users/crist/Desktop/SEP/AYUDANTIA/AY3_wrapper/AY3_wrapper.runs/impl_1/design_1_wrapper.bit} [get_hw_devices xc7z010_1]
program_hw_devices [get_hw_devices xc7z010_1]
INFO: [Labtools 27-3164] End of startup status: HIGH
refresh_hw_device [lindex [get_hw_devices xc7z010_1] 0]
INFO: [Labtools 27-1434] Device xc7z010 (JTAG device index = 1) is programmed with a design that has no supported debug core(s) in it.
set_property PROBES.FILE {} [get_hw_devices xc7z010_1]
set_property FULL_PROBES.FILE {} [get_hw_devices xc7z010_1]
set_property PROGRAM.FILE {C:/Users/crist/Desktop/SEP/AYUDANTIA/AY3_wrapper/AY3_wrapper.runs/impl_1/design_1_wrapper.bit} [get_hw_devices xc7z010_1]
program_hw_devices [get_hw_devices xc7z010_1]
INFO: [Labtools 27-3164] End of startup status: HIGH
refresh_hw_device [lindex [get_hw_devices xc7z010_1] 0]
INFO: [Labtools 27-1434] Device xc7z010 (JTAG device index = 1) is programmed with a design that has no supported debug core(s) in it.
set_property PROBES.FILE {} [get_hw_devices xc7z010_1]
set_property FULL_PROBES.FILE {} [get_hw_devices xc7z010_1]
set_property PROGRAM.FILE {C:/Users/crist/Desktop/SEP/AYUDANTIA/AY3_wrapper/AY3_wrapper.runs/impl_1/design_1_wrapper.bit} [get_hw_devices xc7z010_1]
program_hw_devices [get_hw_devices xc7z010_1]
INFO: [Labtools 27-3164] End of startup status: HIGH
refresh_hw_device [lindex [get_hw_devices xc7z010_1] 0]
INFO: [Labtools 27-1434] Device xc7z010 (JTAG device index = 1) is programmed with a design that has no supported debug core(s) in it.
ERROR: [Labtoolstcl 44-513] HW Target shutdown. Closing target: localhost:3121/xilinx_tcf/Digilent/210351B3FB94A
current_project control_unit
ipx::package_project -root_dir c:/users/crist/desktop/sep/ayudantia/control_unit/control_unit.srcs -vendor xilinx.com -library user -taxonomy /UserIP -force
INFO: [IP_Flow 19-5107] Inferred bus interface 'clk' of definition 'xilinx.com:signal:clock:1.0' (from Xilinx Repository).
WARNING: [IP_Flow 19-5661] Bus Interface 'clk' does not have any bus interfaces associated with it.
INFO: [IP_Flow 19-2181] Payment Required is not set for this core.
INFO: [IP_Flow 19-2187] The Product Guide file is missing.
set_property core_revision 2 [ipx::current_core]
ipx::create_xgui_files [ipx::current_core]
ipx::update_checksums [ipx::current_core]
ipx::save_core [ipx::current_core]
update_ip_catalog -rebuild -repo_path c:/users/crist/desktop/sep/ayudantia/control_unit/control_unit.srcs
INFO: [IP_Flow 19-725] Reloaded user IP repository 'c:/users/crist/desktop/sep/ayudantia/control_unit/control_unit.srcs'
current_project AY3_wrapper
close_hw_manager
update_ip_catalog -rebuild -scan_changes
INFO: [IP_Flow 19-234] Refreshing IP repositories
INFO: [IP_Flow 19-1700] Loaded user IP repository 'c:/Users/crist/Downloads'.
INFO: [IP_Flow 19-1700] Loaded user IP repository 'c:/Users/crist/Desktop/SEP/AYUDANTIA/RAM2'.
INFO: [IP_Flow 19-1700] Loaded user IP repository 'c:/Users/crist/Desktop/SEP/AYUDANTIA/instr_mem'.
INFO: [IP_Flow 19-1700] Loaded user IP repository 'c:/Users/crist/Desktop/SEP/AYUDANTIA/prog_mem'.
INFO: [IP_Flow 19-1700] Loaded user IP repository 'c:/Users/crist/Desktop/SEP/AYUDANTIA/ALU'.
INFO: [IP_Flow 19-1700] Loaded user IP repository 'c:/Users/crist/Desktop/SEP/AYUDANTIA/control_unit'.
report_ip_status -name ip_status
upgrade_ip -vlnv xilinx.com:user:control_unit:1.0 [get_ips  design_1_control_unit_0_0] -log ip_upgrade.log
Upgrading 'C:/Users/crist/Desktop/SEP/AYUDANTIA/AY3_wrapper/AY3_wrapper.srcs/sources_1/bd/design_1/design_1.bd'
INFO: [IP_Flow 19-1972] Upgraded design_1_control_unit_0_0 from control_unit_v1_0 1.0 to control_unit_v1_0 1.0
Wrote  : <C:\Users\crist\Desktop\SEP\AYUDANTIA\AY3_wrapper\AY3_wrapper.srcs\sources_1\bd\design_1\design_1.bd> 
Wrote  : <C:/Users/crist/Desktop/SEP/AYUDANTIA/AY3_wrapper/AY3_wrapper.srcs/sources_1/bd/design_1/ui/bd_1f5defd0.ui> 
INFO: [Coretcl 2-1525] Wrote upgrade log to 'C:/Users/crist/Desktop/SEP/AYUDANTIA/AY3_wrapper/ip_upgrade.log'.
export_ip_user_files -of_objects [get_ips design_1_control_unit_0_0] -no_script -sync -force -quiet
report_ip_status -name ip_status 
reset_run synth_1
launch_runs impl_1 -to_step write_bitstream -jobs 6
Wrote  : <C:\Users\crist\Desktop\SEP\AYUDANTIA\AY3_wrapper\AY3_wrapper.srcs\sources_1\bd\design_1\design_1.bd> 
VHDL Output written to : C:/Users/crist/Desktop/SEP/AYUDANTIA/AY3_wrapper/AY3_wrapper.srcs/sources_1/bd/design_1/synth/design_1.vhd
VHDL Output written to : C:/Users/crist/Desktop/SEP/AYUDANTIA/AY3_wrapper/AY3_wrapper.srcs/sources_1/bd/design_1/sim/design_1.vhd
VHDL Output written to : C:/Users/crist/Desktop/SEP/AYUDANTIA/AY3_wrapper/AY3_wrapper.srcs/sources_1/bd/design_1/hdl/design_1_wrapper.vhd
INFO: [BD 41-1029] Generation completed for the IP Integrator block control_unit_0 .
Exporting to file C:/Users/crist/Desktop/SEP/AYUDANTIA/AY3_wrapper/AY3_wrapper.srcs/sources_1/bd/design_1/hw_handoff/design_1.hwh
Generated Block Design Tcl file C:/Users/crist/Desktop/SEP/AYUDANTIA/AY3_wrapper/AY3_wrapper.srcs/sources_1/bd/design_1/hw_handoff/design_1_bd.tcl
Generated Hardware Definition File C:/Users/crist/Desktop/SEP/AYUDANTIA/AY3_wrapper/AY3_wrapper.srcs/sources_1/bd/design_1/synth/design_1.hwdef
[Sat Aug 26 17:58:54 2023] Launched design_1_control_unit_0_0_synth_1, synth_1...
Run output will be captured here:
design_1_control_unit_0_0_synth_1: C:/Users/crist/Desktop/SEP/AYUDANTIA/AY3_wrapper/AY3_wrapper.runs/design_1_control_unit_0_0_synth_1/runme.log
synth_1: C:/Users/crist/Desktop/SEP/AYUDANTIA/AY3_wrapper/AY3_wrapper.runs/synth_1/runme.log
[Sat Aug 26 17:58:54 2023] Launched impl_1...
Run output will be captured here: C:/Users/crist/Desktop/SEP/AYUDANTIA/AY3_wrapper/AY3_wrapper.runs/impl_1/runme.log
open_hw_manager
connect_hw_server -allow_non_jtag
INFO: [Labtools 27-2285] Connecting to hw_server url TCP:localhost:3121
INFO: [Labtools 27-2222] Launching hw_server...
INFO: [Labtools 27-2221] Launch Output:

****** Xilinx hw_server v2020.1
  **** Build date : May 27 2020 at 20:24:38
    ** Copyright 1986-2020 Xilinx, Inc. All Rights Reserved.


INFO: [Labtools 27-3415] Connecting to cs_server url TCP:localhost:3042
INFO: [Labtools 27-3417] Launching cs_server...
INFO: [Labtools 27-2221] Launch Output:


****** Xilinx cs_server v2020.1.0
  **** Build date : May 13 2020-21:10:29
    ** Copyright 2017-2020 Xilinx, Inc. All Rights Reserved.



connect_hw_server: Time (s): cpu = 00:00:01 ; elapsed = 00:00:07 . Memory (MB): peak = 3026.379 ; gain = 0.000
open_hw_target
INFO: [Labtoolstcl 44-466] Opening hw_target localhost:3121/xilinx_tcf/Digilent/210351B3FB94A
set_property PROGRAM.FILE {C:/Users/crist/Desktop/SEP/AYUDANTIA/AY3_wrapper/AY3_wrapper.runs/impl_1/design_1_wrapper.bit} [get_hw_devices xc7z010_1]
current_hw_device [get_hw_devices xc7z010_1]
refresh_hw_device -update_hw_probes false [lindex [get_hw_devices xc7z010_1] 0]
INFO: [Labtools 27-1435] Device xc7z010 (JTAG device index = 1) is not programmed (DONE status = 0).
set_property PROBES.FILE {} [get_hw_devices xc7z010_1]
set_property FULL_PROBES.FILE {} [get_hw_devices xc7z010_1]
set_property PROGRAM.FILE {C:/Users/crist/Desktop/SEP/AYUDANTIA/AY3_wrapper/AY3_wrapper.runs/impl_1/design_1_wrapper.bit} [get_hw_devices xc7z010_1]
program_hw_devices [get_hw_devices xc7z010_1]
INFO: [Labtools 27-3164] End of startup status: HIGH
refresh_hw_device [lindex [get_hw_devices xc7z010_1] 0]
INFO: [Labtools 27-1434] Device xc7z010 (JTAG device index = 1) is programmed with a design that has no supported debug core(s) in it.
close_hw_manager
update_ip_catalog -rebuild -scan_changes
INFO: [IP_Flow 19-234] Refreshing IP repositories
INFO: [IP_Flow 19-1700] Loaded user IP repository 'c:/Users/crist/Downloads'.
INFO: [IP_Flow 19-1700] Loaded user IP repository 'c:/Users/crist/Desktop/SEP/AYUDANTIA/RAM2'.
INFO: [IP_Flow 19-1700] Loaded user IP repository 'c:/Users/crist/Desktop/SEP/AYUDANTIA/instr_mem'.
INFO: [IP_Flow 19-1700] Loaded user IP repository 'c:/Users/crist/Desktop/SEP/AYUDANTIA/prog_mem'.
INFO: [IP_Flow 19-1700] Loaded user IP repository 'c:/Users/crist/Desktop/SEP/AYUDANTIA/ALU'.
INFO: [IP_Flow 19-1700] Loaded user IP repository 'c:/Users/crist/Desktop/SEP/AYUDANTIA/control_unit'.
report_ip_status -name ip_status
upgrade_ip -vlnv xilinx.com:user:RAM2:1.0 [get_ips  design_1_RAM2_0_0] -log ip_upgrade.log
Upgrading 'C:/Users/crist/Desktop/SEP/AYUDANTIA/AY3_wrapper/AY3_wrapper.srcs/sources_1/bd/design_1/design_1.bd'
INFO: [IP_Flow 19-1972] Upgraded design_1_RAM2_0_0 from RAM2_v1_0 1.0 to RAM2_v1_0 1.0
Wrote  : <C:\Users\crist\Desktop\SEP\AYUDANTIA\AY3_wrapper\AY3_wrapper.srcs\sources_1\bd\design_1\design_1.bd> 
Wrote  : <C:/Users/crist/Desktop/SEP/AYUDANTIA/AY3_wrapper/AY3_wrapper.srcs/sources_1/bd/design_1/ui/bd_1f5defd0.ui> 
INFO: [Coretcl 2-1525] Wrote upgrade log to 'C:/Users/crist/Desktop/SEP/AYUDANTIA/AY3_wrapper/ip_upgrade.log'.
export_ip_user_files -of_objects [get_ips design_1_RAM2_0_0] -no_script -sync -force -quiet
report_ip_status -name ip_status 
reset_run synth_1
launch_runs impl_1 -to_step write_bitstream -jobs 6
Wrote  : <C:\Users\crist\Desktop\SEP\AYUDANTIA\AY3_wrapper\AY3_wrapper.srcs\sources_1\bd\design_1\design_1.bd> 
VHDL Output written to : C:/Users/crist/Desktop/SEP/AYUDANTIA/AY3_wrapper/AY3_wrapper.srcs/sources_1/bd/design_1/synth/design_1.vhd
VHDL Output written to : C:/Users/crist/Desktop/SEP/AYUDANTIA/AY3_wrapper/AY3_wrapper.srcs/sources_1/bd/design_1/sim/design_1.vhd
VHDL Output written to : C:/Users/crist/Desktop/SEP/AYUDANTIA/AY3_wrapper/AY3_wrapper.srcs/sources_1/bd/design_1/hdl/design_1_wrapper.vhd
INFO: [BD 41-1029] Generation completed for the IP Integrator block RAM2_0 .
Exporting to file C:/Users/crist/Desktop/SEP/AYUDANTIA/AY3_wrapper/AY3_wrapper.srcs/sources_1/bd/design_1/hw_handoff/design_1.hwh
Generated Block Design Tcl file C:/Users/crist/Desktop/SEP/AYUDANTIA/AY3_wrapper/AY3_wrapper.srcs/sources_1/bd/design_1/hw_handoff/design_1_bd.tcl
Generated Hardware Definition File C:/Users/crist/Desktop/SEP/AYUDANTIA/AY3_wrapper/AY3_wrapper.srcs/sources_1/bd/design_1/synth/design_1.hwdef
[Sat Aug 26 18:06:33 2023] Launched design_1_RAM2_0_0_synth_1, synth_1...
Run output will be captured here:
design_1_RAM2_0_0_synth_1: C:/Users/crist/Desktop/SEP/AYUDANTIA/AY3_wrapper/AY3_wrapper.runs/design_1_RAM2_0_0_synth_1/runme.log
synth_1: C:/Users/crist/Desktop/SEP/AYUDANTIA/AY3_wrapper/AY3_wrapper.runs/synth_1/runme.log
[Sat Aug 26 18:06:34 2023] Launched impl_1...
Run output will be captured here: C:/Users/crist/Desktop/SEP/AYUDANTIA/AY3_wrapper/AY3_wrapper.runs/impl_1/runme.log
open_hw_manager
connect_hw_server -allow_non_jtag
INFO: [Labtools 27-2285] Connecting to hw_server url TCP:localhost:3121
INFO: [Labtools 27-2222] Launching hw_server...
INFO: [Labtools 27-2221] Launch Output:

****** Xilinx hw_server v2020.1
  **** Build date : May 27 2020 at 20:24:38
    ** Copyright 1986-2020 Xilinx, Inc. All Rights Reserved.


INFO: [Labtools 27-3415] Connecting to cs_server url TCP:localhost:3042
INFO: [Labtools 27-3417] Launching cs_server...
INFO: [Labtools 27-2221] Launch Output:


****** Xilinx cs_server v2020.1.0
  **** Build date : May 13 2020-21:10:29
    ** Copyright 2017-2020 Xilinx, Inc. All Rights Reserved.



connect_hw_server: Time (s): cpu = 00:00:00 ; elapsed = 00:00:07 . Memory (MB): peak = 3234.242 ; gain = 0.000
open_hw_target
INFO: [Labtoolstcl 44-466] Opening hw_target localhost:3121/xilinx_tcf/Digilent/210351B3FB94A
set_property PROGRAM.FILE {C:/Users/crist/Desktop/SEP/AYUDANTIA/AY3_wrapper/AY3_wrapper.runs/impl_1/design_1_wrapper.bit} [get_hw_devices xc7z010_1]
current_hw_device [get_hw_devices xc7z010_1]
refresh_hw_device -update_hw_probes false [lindex [get_hw_devices xc7z010_1] 0]
INFO: [Labtools 27-1434] Device xc7z010 (JTAG device index = 1) is programmed with a design that has no supported debug core(s) in it.
set_property PROBES.FILE {} [get_hw_devices xc7z010_1]
set_property FULL_PROBES.FILE {} [get_hw_devices xc7z010_1]
set_property PROGRAM.FILE {C:/Users/crist/Desktop/SEP/AYUDANTIA/AY3_wrapper/AY3_wrapper.runs/impl_1/design_1_wrapper.bit} [get_hw_devices xc7z010_1]
program_hw_devices [get_hw_devices xc7z010_1]
INFO: [Labtools 27-3164] End of startup status: HIGH
refresh_hw_device [lindex [get_hw_devices xc7z010_1] 0]
INFO: [Labtools 27-1434] Device xc7z010 (JTAG device index = 1) is programmed with a design that has no supported debug core(s) in it.
close_hw_manager
update_ip_catalog -rebuild -scan_changes
INFO: [IP_Flow 19-234] Refreshing IP repositories
INFO: [IP_Flow 19-1700] Loaded user IP repository 'c:/Users/crist/Downloads'.
INFO: [IP_Flow 19-1700] Loaded user IP repository 'c:/Users/crist/Desktop/SEP/AYUDANTIA/RAM2'.
INFO: [IP_Flow 19-1700] Loaded user IP repository 'c:/Users/crist/Desktop/SEP/AYUDANTIA/instr_mem'.
INFO: [IP_Flow 19-1700] Loaded user IP repository 'c:/Users/crist/Desktop/SEP/AYUDANTIA/prog_mem'.
INFO: [IP_Flow 19-1700] Loaded user IP repository 'c:/Users/crist/Desktop/SEP/AYUDANTIA/ALU'.
INFO: [IP_Flow 19-1700] Loaded user IP repository 'c:/Users/crist/Desktop/SEP/AYUDANTIA/control_unit'.
report_ip_status -name ip_status
upgrade_ip -vlnv xilinx.com:user:RAM2:1.0 [get_ips  design_1_RAM2_0_0] -log ip_upgrade.log
Upgrading 'C:/Users/crist/Desktop/SEP/AYUDANTIA/AY3_wrapper/AY3_wrapper.srcs/sources_1/bd/design_1/design_1.bd'
INFO: [IP_Flow 19-3422] Upgraded design_1_RAM2_0_0 (RAM2_v1_0 1.0) from revision 2 to revision 3
Wrote  : <C:\Users\crist\Desktop\SEP\AYUDANTIA\AY3_wrapper\AY3_wrapper.srcs\sources_1\bd\design_1\design_1.bd> 
INFO: [Coretcl 2-1525] Wrote upgrade log to 'C:/Users/crist/Desktop/SEP/AYUDANTIA/AY3_wrapper/ip_upgrade.log'.
export_ip_user_files -of_objects [get_ips design_1_RAM2_0_0] -no_script -sync -force -quiet
report_ip_status -name ip_status 
reset_run synth_1
launch_runs impl_1 -to_step write_bitstream -jobs 6
Wrote  : <C:\Users\crist\Desktop\SEP\AYUDANTIA\AY3_wrapper\AY3_wrapper.srcs\sources_1\bd\design_1\design_1.bd> 
VHDL Output written to : C:/Users/crist/Desktop/SEP/AYUDANTIA/AY3_wrapper/AY3_wrapper.srcs/sources_1/bd/design_1/synth/design_1.vhd
VHDL Output written to : C:/Users/crist/Desktop/SEP/AYUDANTIA/AY3_wrapper/AY3_wrapper.srcs/sources_1/bd/design_1/sim/design_1.vhd
VHDL Output written to : C:/Users/crist/Desktop/SEP/AYUDANTIA/AY3_wrapper/AY3_wrapper.srcs/sources_1/bd/design_1/hdl/design_1_wrapper.vhd
INFO: [BD 41-1029] Generation completed for the IP Integrator block RAM2_0 .
Exporting to file C:/Users/crist/Desktop/SEP/AYUDANTIA/AY3_wrapper/AY3_wrapper.srcs/sources_1/bd/design_1/hw_handoff/design_1.hwh
Generated Block Design Tcl file C:/Users/crist/Desktop/SEP/AYUDANTIA/AY3_wrapper/AY3_wrapper.srcs/sources_1/bd/design_1/hw_handoff/design_1_bd.tcl
Generated Hardware Definition File C:/Users/crist/Desktop/SEP/AYUDANTIA/AY3_wrapper/AY3_wrapper.srcs/sources_1/bd/design_1/synth/design_1.hwdef
[Sat Aug 26 18:14:51 2023] Launched design_1_RAM2_0_0_synth_1, synth_1...
Run output will be captured here:
design_1_RAM2_0_0_synth_1: C:/Users/crist/Desktop/SEP/AYUDANTIA/AY3_wrapper/AY3_wrapper.runs/design_1_RAM2_0_0_synth_1/runme.log
synth_1: C:/Users/crist/Desktop/SEP/AYUDANTIA/AY3_wrapper/AY3_wrapper.runs/synth_1/runme.log
[Sat Aug 26 18:14:51 2023] Launched impl_1...
Run output will be captured here: C:/Users/crist/Desktop/SEP/AYUDANTIA/AY3_wrapper/AY3_wrapper.runs/impl_1/runme.log
open_hw_manager
connect_hw_server -allow_non_jtag
INFO: [Labtools 27-2285] Connecting to hw_server url TCP:localhost:3121
INFO: [Labtools 27-2222] Launching hw_server...
INFO: [Labtools 27-2221] Launch Output:

****** Xilinx hw_server v2020.1
  **** Build date : May 27 2020 at 20:24:38
    ** Copyright 1986-2020 Xilinx, Inc. All Rights Reserved.


INFO: [Labtools 27-3415] Connecting to cs_server url TCP:localhost:3042
INFO: [Labtools 27-3417] Launching cs_server...
INFO: [Labtools 27-2221] Launch Output:


****** Xilinx cs_server v2020.1.0
  **** Build date : May 13 2020-21:10:29
    ** Copyright 2017-2020 Xilinx, Inc. All Rights Reserved.



connect_hw_server: Time (s): cpu = 00:00:00 ; elapsed = 00:00:07 . Memory (MB): peak = 3235.699 ; gain = 0.000
open_hw_target
INFO: [Labtoolstcl 44-466] Opening hw_target localhost:3121/xilinx_tcf/Digilent/210351B3FB94A
set_property PROGRAM.FILE {C:/Users/crist/Desktop/SEP/AYUDANTIA/AY3_wrapper/AY3_wrapper.runs/impl_1/design_1_wrapper.bit} [get_hw_devices xc7z010_1]
current_hw_device [get_hw_devices xc7z010_1]
refresh_hw_device -update_hw_probes false [lindex [get_hw_devices xc7z010_1] 0]
INFO: [Labtools 27-1434] Device xc7z010 (JTAG device index = 1) is programmed with a design that has no supported debug core(s) in it.
set_property PROBES.FILE {} [get_hw_devices xc7z010_1]
set_property FULL_PROBES.FILE {} [get_hw_devices xc7z010_1]
set_property PROGRAM.FILE {C:/Users/crist/Desktop/SEP/AYUDANTIA/AY3_wrapper/AY3_wrapper.runs/impl_1/design_1_wrapper.bit} [get_hw_devices xc7z010_1]
program_hw_devices [get_hw_devices xc7z010_1]
INFO: [Labtools 27-3164] End of startup status: HIGH
refresh_hw_device [lindex [get_hw_devices xc7z010_1] 0]
INFO: [Labtools 27-1434] Device xc7z010 (JTAG device index = 1) is programmed with a design that has no supported debug core(s) in it.
set_property PROBES.FILE {} [get_hw_devices xc7z010_1]
set_property FULL_PROBES.FILE {} [get_hw_devices xc7z010_1]
set_property PROGRAM.FILE {C:/Users/crist/Desktop/SEP/AYUDANTIA/AY3_wrapper/AY3_wrapper.runs/impl_1/design_1_wrapper.bit} [get_hw_devices xc7z010_1]
program_hw_devices [get_hw_devices xc7z010_1]
INFO: [Labtools 27-3164] End of startup status: HIGH
refresh_hw_device [lindex [get_hw_devices xc7z010_1] 0]
INFO: [Labtools 27-1434] Device xc7z010 (JTAG device index = 1) is programmed with a design that has no supported debug core(s) in it.
close_sim
INFO: [Simtcl 6-16] Simulation closed
close_project
****** Webtalk v2020.1 (64-bit)
  **** SW Build 2902540 on Wed May 27 19:54:49 MDT 2020
  **** IP Build 2902112 on Wed May 27 22:43:36 MDT 2020
    ** Copyright 1986-2020 Xilinx, Inc. All Rights Reserved.

source C:/Users/crist/Desktop/SEP/AYUDANTIA/AY3_wrapper/AY3_wrapper.hw/webtalk/labtool_webtalk.tcl -notrace
INFO: [Common 17-206] Exiting Webtalk at Sat Aug 26 18:18:09 2023...
current_project ALU
close_project
****** Webtalk v2020.1 (64-bit)
  **** SW Build 2902540 on Wed May 27 19:54:49 MDT 2020
  **** IP Build 2902112 on Wed May 27 22:43:36 MDT 2020
    ** Copyright 1986-2020 Xilinx, Inc. All Rights Reserved.

source C:/Users/crist/Desktop/SEP/AYUDANTIA/ALU/ALU.hw/webtalk/labtool_webtalk.tcl -notrace
INFO: [Common 17-206] Exiting Webtalk at Sat Aug 26 18:18:13 2023...
exit
INFO: [Common 17-206] Exiting Vivado at Sat Aug 26 18:18:17 2023...
